_step,validation/lm_loss,train/lm_loss,_segment
70061,,2.062086343765259,vd5ogsc6
70063,,2.029574155807495,vd5ogsc6
70074,,2.01507306098938,vd5ogsc6
70182,,2.03503680229187,vd5ogsc6
70185,,1.9957239627838135,vd5ogsc6
70270,,2.0507876873016357,vd5ogsc6
70284,,1.9840747117996216,vd5ogsc6
70314,,2.0132553577423096,vd5ogsc6
70322,,2.019001007080078,vd5ogsc6
70361,,2.0500121116638184,vd5ogsc6
70378,,2.0204005241394043,vd5ogsc6
70519,,2.0340054035186768,vd5ogsc6
70571,,2.0769481658935547,vd5ogsc6
70681,,2.024801731109619,vd5ogsc6
70734,,2.0250067710876465,vd5ogsc6
70868,,2.014970541000366,vd5ogsc6
70905,,2.048217535018921,vd5ogsc6
70928,,2.0247673988342285,vd5ogsc6
71056,,2.057584047317505,vd5ogsc6
71068,,2.068532943725586,vd5ogsc6
71134,,2.0689949989318848,vd5ogsc6
71151,,2.050687313079834,vd5ogsc6
71153,,2.0232036113739014,vd5ogsc6
71165,,2.014387607574463,vd5ogsc6
71213,,2.016329765319824,vd5ogsc6
71413,,2.0471458435058594,vd5ogsc6
71454,,2.0329911708831787,vd5ogsc6
71505,,2.0363543033599854,vd5ogsc6
71624,,2.0662496089935303,vd5ogsc6
71669,,2.0635621547698975,vd5ogsc6
71685,,2.013726234436035,vd5ogsc6
71702,,2.0444862842559814,vd5ogsc6
71770,,2.0529768466949463,vd5ogsc6
71844,,2.0256142616271973,vd5ogsc6
71860,,2.0338361263275146,vd5ogsc6
71904,,2.0467875003814697,vd5ogsc6
71917,,2.0264980792999268,vd5ogsc6
72009,,2.0598161220550537,vd5ogsc6
72127,,2.052656650543213,vd5ogsc6
72133,,2.0561683177948,vd5ogsc6
72141,,2.0140323638916016,vd5ogsc6
72184,,2.0279386043548584,vd5ogsc6
72216,,2.0423548221588135,vd5ogsc6
72261,,2.0324347019195557,vd5ogsc6
72267,,2.0727787017822266,vd5ogsc6
72375,,2.0288500785827637,vd5ogsc6
72414,,2.0435335636138916,vd5ogsc6
72418,,2.0309951305389404,vd5ogsc6
72446,,2.0412774085998535,vd5ogsc6
72453,,2.0628156661987305,vd5ogsc6
72581,,2.051912546157837,vd5ogsc6
72607,,2.0085127353668213,vd5ogsc6
72635,,2.0401034355163574,vd5ogsc6
72725,,2.014890670776367,vd5ogsc6
72786,,2.0350570678710938,vd5ogsc6
72985,,2.0513339042663574,vd5ogsc6
73092,,2.0062966346740723,vd5ogsc6
73093,,2.0452706813812256,vd5ogsc6
73123,,2.0136399269104004,vd5ogsc6
73181,,2.070650577545166,vd5ogsc6
73189,,2.0334725379943848,vd5ogsc6
73255,,2.008960723876953,vd5ogsc6
73272,,2.0140764713287354,vd5ogsc6
73373,,2.0474555492401123,vd5ogsc6
73399,,2.005303144454956,vd5ogsc6
73425,,2.0519964694976807,vd5ogsc6
73442,,2.0859789848327637,vd5ogsc6
73448,,2.0420193672180176,vd5ogsc6
73506,,2.016167163848877,vd5ogsc6
73559,,2.042423725128174,vd5ogsc6
73611,,2.048583984375,vd5ogsc6
73706,,2.071500301361084,vd5ogsc6
73902,,2.0444037914276123,vd5ogsc6
73907,,2.001721143722534,vd5ogsc6
73913,,2.037299633026123,vd5ogsc6
73926,,2.029989242553711,vd5ogsc6
73964,,2.0173699855804443,vd5ogsc6
74001,,2.0117857456207275,vd5ogsc6
74081,,2.013016700744629,vd5ogsc6
74147,,2.0347859859466553,vd5ogsc6
74176,,2.013240337371826,vd5ogsc6
74311,,2.040440559387207,vd5ogsc6
74334,,2.0421254634857178,vd5ogsc6
74344,,2.008819580078125,vd5ogsc6
74520,,2.028891086578369,vd5ogsc6
74604,,1.9826592206954956,vd5ogsc6
74649,,1.9878082275390625,vd5ogsc6
74709,,2.058444023132324,vd5ogsc6
74812,,1.9988750219345093,vd5ogsc6
74866,,2.0023207664489746,vd5ogsc6
74876,,2.0224838256835938,vd5ogsc6
74910,,2.023735284805298,vd5ogsc6
74927,,2.0339131355285645,vd5ogsc6
74997,,2.0652709007263184,vd5ogsc6
75037,,2.004293203353882,vd5ogsc6
75169,,2.045022964477539,vd5ogsc6
75193,,2.0026915073394775,vd5ogsc6
75388,,2.035823345184326,vd5ogsc6
75547,,2.029122829437256,vd5ogsc6
75556,,2.020987033843994,vd5ogsc6
75589,,2.0160391330718994,vd5ogsc6
75606,,2.0571515560150146,vd5ogsc6
75645,,2.022979259490967,vd5ogsc6
75867,,2.038113594055176,vd5ogsc6
75935,,2.0617294311523438,vd5ogsc6
75937,,2.0258755683898926,vd5ogsc6
75963,,2.020689010620117,vd5ogsc6
75979,,2.0208466053009033,vd5ogsc6
75985,,1.9848213195800781,vd5ogsc6
76012,,2.0250871181488037,vd5ogsc6
76033,,2.036686658859253,vd5ogsc6
76092,,2.025449514389038,vd5ogsc6
76109,,2.0439088344573975,vd5ogsc6
76116,,2.0202476978302,vd5ogsc6
76208,,2.03351092338562,vd5ogsc6
76258,,2.010388135910034,vd5ogsc6
76368,,2.0295543670654297,vd5ogsc6
76514,,2.020278215408325,vd5ogsc6
76516,,2.0461785793304443,vd5ogsc6
76583,,1.9838589429855347,vd5ogsc6
76712,,2.05527925491333,vd5ogsc6
76743,,2.039891242980957,vd5ogsc6
76807,,2.0289981365203857,vd5ogsc6
76815,,2.0287559032440186,vd5ogsc6
76994,,2.0151498317718506,vd5ogsc6
77071,,2.0536203384399414,vd5ogsc6
77141,,2.038647174835205,vd5ogsc6
77194,,2.0104801654815674,vd5ogsc6
77223,,1.9926921129226685,vd5ogsc6
77226,,2.0582902431488037,vd5ogsc6
77305,,2.0429255962371826,vd5ogsc6
77371,,2.0236103534698486,vd5ogsc6
77375,,2.0301740169525146,vd5ogsc6
77446,,2.06024432182312,vd5ogsc6
77485,,2.0054759979248047,vd5ogsc6
77526,,1.9983417987823486,vd5ogsc6
77558,,2.0003480911254883,vd5ogsc6
77630,,1.9925739765167236,vd5ogsc6
77664,,2.0323874950408936,vd5ogsc6
77731,,2.030318260192871,vd5ogsc6
77746,,2.0197691917419434,vd5ogsc6
77821,,2.015537977218628,vd5ogsc6
77841,,2.059826374053955,vd5ogsc6
77924,,2.0126612186431885,vd5ogsc6
77932,,2.02420711517334,vd5ogsc6
78169,,2.015502452850342,vd5ogsc6
78257,,2.0306766033172607,vd5ogsc6
78290,,2.0212035179138184,vd5ogsc6
78306,,2.029095411300659,vd5ogsc6
78378,,2.0180177688598633,vd5ogsc6
78408,,2.0371832847595215,vd5ogsc6
78446,,2.013554573059082,vd5ogsc6
78485,,2.0394368171691895,vd5ogsc6
78521,,2.008220911026001,vd5ogsc6
78556,,2.022587299346924,vd5ogsc6
78567,,2.0368258953094482,vd5ogsc6
78577,,2.038332223892212,vd5ogsc6
78579,,2.0358669757843018,vd5ogsc6
78701,,2.059812307357788,vd5ogsc6
78750,,2.0531108379364014,vd5ogsc6
78757,,1.9966751337051392,vd5ogsc6
78782,,2.043980360031128,vd5ogsc6
78799,,2.056601047515869,vd5ogsc6
78805,,2.0277140140533447,vd5ogsc6
78806,,2.0555403232574463,vd5ogsc6
78826,,1.9910279512405396,vd5ogsc6
78893,,2.0085222721099854,vd5ogsc6
78926,,2.024139642715454,vd5ogsc6
78935,,2.032766819000244,vd5ogsc6
78977,,2.0186848640441895,vd5ogsc6
78981,,2.0222039222717285,vd5ogsc6
79045,,2.028078079223633,vd5ogsc6
79051,,2.0344066619873047,vd5ogsc6
79089,,2.0297226905822754,vd5ogsc6
79103,,2.0164990425109863,vd5ogsc6
79282,,2.009134292602539,vd5ogsc6
79331,,2.053697109222412,vd5ogsc6
79334,,2.0255212783813477,vd5ogsc6
79430,,2.0932700634002686,vd5ogsc6
79543,,2.0066516399383545,vd5ogsc6
79674,,1.9836382865905762,vd5ogsc6
79675,,2.005479097366333,vd5ogsc6
79741,,2.056608200073242,vd5ogsc6
79842,,2.0126659870147705,vd5ogsc6
79843,,2.0297367572784424,vd5ogsc6
79879,,2.026366710662842,vd5ogsc6
79899,,2.0020298957824707,vd5ogsc6
79924,,2.0160813331604004,vd5ogsc6
79942,,1.9987034797668457,vd5ogsc6
80072,,2.018019199371338,vd5ogsc6
80257,,2.0622739791870117,vd5ogsc6
80283,,2.032050371170044,vd5ogsc6
80297,,2.034940242767334,vd5ogsc6
80304,,2.0458312034606934,vd5ogsc6
80305,,2.0542938709259033,vd5ogsc6
80341,,2.0591697692871094,vd5ogsc6
80363,,2.0209760665893555,vd5ogsc6
80396,,2.0366454124450684,vd5ogsc6
80450,,2.039933443069458,vd5ogsc6
80643,,1.9823882579803467,vd5ogsc6
80654,,2.031182289123535,vd5ogsc6
80668,,2.0347111225128174,vd5ogsc6
80706,,2.038151264190674,vd5ogsc6
80814,,2.0555200576782227,vd5ogsc6
80818,,2.0149331092834473,vd5ogsc6
80834,,2.0321974754333496,vd5ogsc6
80871,,2.0076582431793213,vd5ogsc6
80886,,2.00376296043396,vd5ogsc6
80896,,2.0194640159606934,vd5ogsc6
80927,,2.0070133209228516,vd5ogsc6
80942,,2.019338369369507,vd5ogsc6
81078,,2.0417075157165527,vd5ogsc6
81181,,2.0046074390411377,vd5ogsc6
81245,,2.0204663276672363,vd5ogsc6
81267,,1.9713777303695679,vd5ogsc6
81308,,2.0228984355926514,vd5ogsc6
81322,,1.9847118854522705,vd5ogsc6
81327,,2.0224456787109375,vd5ogsc6
81348,,2.0349655151367188,vd5ogsc6
81369,,2.038313627243042,vd5ogsc6
81396,,2.0061228275299072,vd5ogsc6
81402,,2.0180234909057617,vd5ogsc6
81431,,1.9956104755401611,vd5ogsc6
81465,,2.0129997730255127,vd5ogsc6
81470,,2.0283172130584717,vd5ogsc6
81476,,2.01704740524292,vd5ogsc6
81490,,2.003626585006714,vd5ogsc6
81507,,2.048506736755371,vd5ogsc6
81524,,2.0031774044036865,vd5ogsc6
81613,,2.0047035217285156,vd5ogsc6
81665,,2.061589002609253,vd5ogsc6
81685,,2.0587270259857178,vd5ogsc6
81704,,2.0029990673065186,vd5ogsc6
81717,,1.9964450597763062,vd5ogsc6
81793,,2.0467090606689453,vd5ogsc6
81803,,2.0413575172424316,vd5ogsc6
81953,,2.0192410945892334,vd5ogsc6
82008,,2.0312702655792236,vd5ogsc6
82048,,2.0708296298980713,vd5ogsc6
82129,,2.0132195949554443,vd5ogsc6
82252,,1.9643735885620117,vd5ogsc6
82277,,2.022528886795044,vd5ogsc6
82292,,2.0513219833374023,vd5ogsc6
82348,,1.9964901208877563,vd5ogsc6
82368,,2.027712106704712,vd5ogsc6
82458,,2.0251646041870117,vd5ogsc6
82478,,2.000213384628296,vd5ogsc6
82541,,2.046320676803589,vd5ogsc6
82659,,2.021636724472046,vd5ogsc6
82684,,1.988905906677246,vd5ogsc6
82806,,1.993109941482544,vd5ogsc6
82828,,2.0495824813842773,vd5ogsc6
82837,,1.9851932525634766,vd5ogsc6
82877,,1.9840149879455566,vd5ogsc6
82894,,2.032169818878174,vd5ogsc6
82964,,2.014590263366699,vd5ogsc6
82985,,1.9948744773864746,vd5ogsc6
82991,,1.9997493028640747,vd5ogsc6
83000,,2.043142557144165,vd5ogsc6
83022,,2.002591609954834,vd5ogsc6
83042,,2.036231756210327,vd5ogsc6
83100,,2.0551185607910156,vd5ogsc6
83232,,2.0393192768096924,vd5ogsc6
83242,,2.0319933891296387,vd5ogsc6
83244,,1.9792747497558594,vd5ogsc6
83359,,2.0012710094451904,vd5ogsc6
83467,,2.019223928451538,vd5ogsc6
83636,,2.0015652179718018,vd5ogsc6
83698,,2.021916389465332,vd5ogsc6
83791,,2.0211963653564453,vd5ogsc6
83841,,2.031111478805542,vd5ogsc6
83885,,2.0366761684417725,vd5ogsc6
83958,,2.0485243797302246,vd5ogsc6
84008,,1.9848419427871704,vd5ogsc6
84014,,2.030777931213379,vd5ogsc6
84044,,2.0356900691986084,vd5ogsc6
84048,,2.025200128555298,vd5ogsc6
84089,,1.9907019138336182,vd5ogsc6
84092,,2.0529086589813232,vd5ogsc6
84105,,1.992692232131958,vd5ogsc6
84131,,2.010533094406128,vd5ogsc6
84155,,2.0443623065948486,vd5ogsc6
84180,,2.0332794189453125,vd5ogsc6
84197,,2.0082085132598877,vd5ogsc6
84251,,2.01400089263916,vd5ogsc6
84260,,2.002678394317627,vd5ogsc6
84268,,1.9939903020858765,vd5ogsc6
84417,,2.0196492671966553,vd5ogsc6
84431,,2.0030345916748047,vd5ogsc6
84517,,2.0428054332733154,vd5ogsc6
84520,,2.0448532104492188,vd5ogsc6
84683,,2.0374507904052734,vd5ogsc6
84714,,2.0454728603363037,vd5ogsc6
84756,,2.0206453800201416,vd5ogsc6
84783,,1.987557053565979,vd5ogsc6
84817,,1.9848765134811401,vd5ogsc6
84852,,2.006392002105713,vd5ogsc6
84928,,2.01814866065979,vd5ogsc6
84955,,1.9984670877456665,vd5ogsc6
85019,,2.006181001663208,vd5ogsc6
85305,,2.028796434402466,vd5ogsc6
85324,,2.0229971408843994,vd5ogsc6
85388,,2.006241798400879,vd5ogsc6
85446,,2.024165391921997,vd5ogsc6
85470,,2.0152347087860107,vd5ogsc6
85531,,2.0049641132354736,vd5ogsc6
85570,,2.012065887451172,vd5ogsc6
85638,,1.9804664850234985,vd5ogsc6
85696,,2.0223851203918457,vd5ogsc6
85714,,1.9929676055908203,vd5ogsc6
85777,,2.0115528106689453,vd5ogsc6
85825,,2.019709825515747,vd5ogsc6
85830,,2.0246667861938477,vd5ogsc6
85836,,2.012967109680176,vd5ogsc6
85853,,2.025376081466675,vd5ogsc6
85908,,2.026648998260498,vd5ogsc6
85929,,1.9982812404632568,vd5ogsc6
86045,,2.0224905014038086,vd5ogsc6
86151,,2.0378623008728027,vd5ogsc6
86212,,1.9682209491729736,vd5ogsc6
86246,,2.0370357036590576,vd5ogsc6
86365,,2.028843402862549,vd5ogsc6
86464,,2.0067317485809326,vd5ogsc6
86469,,2.0352210998535156,vd5ogsc6
86492,,1.995977759361267,vd5ogsc6
86555,,1.9877517223358154,vd5ogsc6
86602,,2.0274925231933594,vd5ogsc6
86623,,2.0349340438842773,vd5ogsc6
86628,,2.0027098655700684,vd5ogsc6
86707,,2.011146306991577,vd5ogsc6
86723,,2.0283477306365967,vd5ogsc6
86853,,1.983545184135437,vd5ogsc6
86858,,2.030646800994873,vd5ogsc6
86917,,2.0242409706115723,vd5ogsc6
86936,,2.012761354446411,vd5ogsc6
86938,,2.02542781829834,vd5ogsc6
86963,,2.0225703716278076,vd5ogsc6
87063,,2.0294806957244873,vd5ogsc6
87196,,2.0261945724487305,vd5ogsc6
87208,,1.996877908706665,vd5ogsc6
87288,,2.0004818439483643,vd5ogsc6
87448,,2.0175271034240723,vd5ogsc6
87507,,2.003206729888916,vd5ogsc6
87603,,1.988701581954956,vd5ogsc6
87679,,2.0208473205566406,vd5ogsc6
87733,,2.022186279296875,vd5ogsc6
87744,,1.9765355587005615,vd5ogsc6
87746,,2.009627103805542,vd5ogsc6
87749,,2.002185583114624,vd5ogsc6
87796,,2.0188138484954834,vd5ogsc6
87800,,1.9987969398498535,vd5ogsc6
87851,,1.995826005935669,vd5ogsc6
87873,,2.028491973876953,vd5ogsc6
87937,,1.9993014335632324,vd5ogsc6
87989,,2.032275438308716,vd5ogsc6
88015,,2.022744655609131,vd5ogsc6
88019,,2.0561537742614746,vd5ogsc6
88063,,2.0139267444610596,vd5ogsc6
88068,,2.0136983394622803,vd5ogsc6
88107,,2.050366163253784,vd5ogsc6
88233,,2.0364956855773926,vd5ogsc6
88250,,1.9739428758621216,vd5ogsc6
88286,,2.0178937911987305,vd5ogsc6
88318,,2.00944447517395,vd5ogsc6
88344,,1.9997011423110962,vd5ogsc6
88448,,1.985865592956543,vd5ogsc6
88533,,1.988744854927063,vd5ogsc6
88583,,2.0317976474761963,vd5ogsc6
88598,,1.9864263534545898,vd5ogsc6
88643,,2.0215554237365723,vd5ogsc6
88700,,2.002627372741699,vd5ogsc6
88719,,2.001171112060547,vd5ogsc6
88734,,2.0154433250427246,vd5ogsc6
88778,,2.017761707305908,vd5ogsc6
88815,,2.02044677734375,vd5ogsc6
88861,,2.0206782817840576,vd5ogsc6
88921,,1.996140718460083,vd5ogsc6
88922,,2.009182929992676,vd5ogsc6
89138,,1.9947333335876465,vd5ogsc6
89183,,2.0170514583587646,vd5ogsc6
89196,,2.0356428623199463,vd5ogsc6
89202,,1.9929673671722412,vd5ogsc6
89246,,1.997791051864624,vd5ogsc6
89254,,1.9925165176391602,vd5ogsc6
89303,,1.9816168546676636,vd5ogsc6
89368,,1.9858169555664062,vd5ogsc6
89443,,2.0063483715057373,vd5ogsc6
89637,,1.9784648418426514,vd5ogsc6
89678,,2.005537509918213,vd5ogsc6
89724,,2.0099573135375977,vd5ogsc6
89881,,1.9951156377792358,vd5ogsc6
89925,,2.0100181102752686,vd5ogsc6
90075,,1.97823965549469,vd5ogsc6
90094,,2.0055761337280273,vd5ogsc6
90202,,2.0013012886047363,vd5ogsc6
90209,,1.9782253503799438,vd5ogsc6
90228,,2.0008950233459473,vd5ogsc6
90251,,2.0134267807006836,vd5ogsc6
90268,,2.0212268829345703,vd5ogsc6
90270,,2.0384328365325928,vd5ogsc6
90334,,2.02551531791687,vd5ogsc6
90343,,2.005526542663574,vd5ogsc6
90346,,1.9985194206237793,vd5ogsc6
90351,,2.0115926265716553,vd5ogsc6
90462,,2.0050621032714844,vd5ogsc6
90488,,1.9960157871246338,vd5ogsc6
90494,,2.0544357299804688,vd5ogsc6
90535,,2.0157203674316406,vd5ogsc6
90541,,2.063724994659424,vd5ogsc6
90705,,2.025507688522339,vd5ogsc6
90724,,2.0094175338745117,vd5ogsc6
90779,,2.037014961242676,vd5ogsc6
90870,,2.006380081176758,vd5ogsc6
90875,,2.0169105529785156,vd5ogsc6
90883,,2.022219181060791,vd5ogsc6
90913,,1.9847698211669922,vd5ogsc6
90943,,1.9932490587234497,vd5ogsc6
90978,,1.9984525442123413,vd5ogsc6
91041,,1.9702147245407104,vd5ogsc6
91092,,1.9716193675994873,vd5ogsc6
91093,,1.9750425815582275,vd5ogsc6
91133,,2.017512321472168,vd5ogsc6
91166,,1.9958243370056152,vd5ogsc6
91202,,1.9858444929122925,vd5ogsc6
91244,,2.0265376567840576,vd5ogsc6
91250,,1.9749895334243774,vd5ogsc6
91298,,2.053151845932007,vd5ogsc6
91319,,1.9774233102798462,vd5ogsc6
91386,,2.0235259532928467,vd5ogsc6
91434,,2.0113167762756348,vd5ogsc6
91448,,2.0183157920837402,vd5ogsc6
91470,,1.9858508110046387,vd5ogsc6
91622,,2.008817195892334,vd5ogsc6
91660,,2.015207290649414,vd5ogsc6
91666,,1.9805123805999756,vd5ogsc6
91954,,2.039632797241211,vd5ogsc6
92220,,2.0165326595306396,vd5ogsc6
92301,,2.0106232166290283,vd5ogsc6
92347,,1.998764157295227,vd5ogsc6
92396,,2.0331461429595947,vd5ogsc6
92404,,2.022205352783203,vd5ogsc6
92476,,1.9952515363693237,vd5ogsc6
92528,,1.977588176727295,vd5ogsc6
92529,,2.022327184677124,vd5ogsc6
92556,,1.9912497997283936,vd5ogsc6
92640,,2.0281894207000732,vd5ogsc6
92699,,2.00307559967041,vd5ogsc6
92768,,2.0037155151367188,vd5ogsc6
92858,,2.027764320373535,vd5ogsc6
92917,,1.9681065082550049,vd5ogsc6
93007,,2.008648157119751,vd5ogsc6
93034,,2.015382766723633,vd5ogsc6
93049,,2.0424599647521973,vd5ogsc6
93104,,1.9719096422195435,vd5ogsc6
93125,,1.991010308265686,vd5ogsc6
93128,,2.0039725303649902,vd5ogsc6
93259,,1.9832894802093506,vd5ogsc6
93341,,2.0147974491119385,vd5ogsc6
93346,,1.9894288778305054,vd5ogsc6
93389,,2.020125150680542,vd5ogsc6
93469,,2.028902530670166,vd5ogsc6
93548,,1.9918403625488281,vd5ogsc6
93585,,2.0232784748077393,vd5ogsc6
93679,,1.9998502731323242,vd5ogsc6
93722,,1.951198697090149,vd5ogsc6
93764,,1.9798088073730469,vd5ogsc6
93808,,2.0035266876220703,vd5ogsc6
93884,,1.9916731119155884,vd5ogsc6
93923,,1.984073519706726,vd5ogsc6
93969,,2.0046029090881348,vd5ogsc6
93975,,1.9860574007034302,vd5ogsc6
93999,,1.9647129774093628,vd5ogsc6
94049,,2.0094127655029297,vd5ogsc6
94077,,2.0194191932678223,vd5ogsc6
94100,,1.9819027185440063,vd5ogsc6
94142,,2.005479574203491,vd5ogsc6
94209,,1.9728186130523682,vd5ogsc6
94296,,1.9908077716827393,vd5ogsc6
94402,,2.0003702640533447,vd5ogsc6
94406,,1.9996678829193115,vd5ogsc6
94410,,1.9949398040771484,vd5ogsc6
94411,,2.002017021179199,vd5ogsc6
94419,,1.9800050258636475,vd5ogsc6
94451,,1.9790611267089844,vd5ogsc6
94453,,2.0365054607391357,vd5ogsc6
94530,,1.9882057905197144,vd5ogsc6
94682,,1.9888229370117188,vd5ogsc6
94789,,2.0040905475616455,vd5ogsc6
94871,,1.9823027849197388,vd5ogsc6
94875,,1.9991265535354614,vd5ogsc6
94917,,1.9855343103408813,vd5ogsc6
94946,,2.0054521560668945,vd5ogsc6
95075,,1.9764065742492676,vd5ogsc6
95192,,2.0145552158355713,vd5ogsc6
95225,,1.9460560083389282,vd5ogsc6
95237,,1.963506817817688,vd5ogsc6
95325,,1.9900192022323608,vd5ogsc6
95384,,1.9959594011306763,vd5ogsc6
95468,,1.994565486907959,vd5ogsc6
95547,,2.039565086364746,vd5ogsc6
95567,,2.002349615097046,vd5ogsc6
95586,,1.9778773784637451,vd5ogsc6
95653,,1.9837117195129395,vd5ogsc6
95684,,1.970064640045166,vd5ogsc6
95734,,2.0044758319854736,vd5ogsc6
95766,,1.9782893657684326,vd5ogsc6
95795,,1.9865355491638184,vd5ogsc6
95815,,1.9957019090652466,vd5ogsc6
95852,,2.0014760494232178,vd5ogsc6
96013,,2.015120029449463,vd5ogsc6
96046,,1.955283761024475,vd5ogsc6
96061,,2.015451192855835,vd5ogsc6
96218,,2.0224220752716064,vd5ogsc6
96228,,1.9676597118377686,vd5ogsc6
96257,,1.984940767288208,vd5ogsc6
96285,,2.0115222930908203,vd5ogsc6
96390,,2.0002331733703613,vd5ogsc6
96411,,2.0110926628112793,vd5ogsc6
96444,,1.9887173175811768,vd5ogsc6
96482,,1.9897286891937256,vd5ogsc6
96556,,2.0110104084014893,vd5ogsc6
96648,,1.9787719249725342,vd5ogsc6
96712,,1.987247109413147,vd5ogsc6
96746,,1.9823710918426514,vd5ogsc6
96836,,1.983652114868164,vd5ogsc6
96852,,1.9602620601654053,vd5ogsc6
96858,,2.017159938812256,vd5ogsc6
96863,,2.0039875507354736,vd5ogsc6
96867,,1.9657562971115112,vd5ogsc6
96874,,1.9833414554595947,vd5ogsc6
96904,,2.0394539833068848,vd5ogsc6
96925,,1.9992663860321045,vd5ogsc6
96955,,1.9675137996673584,vd5ogsc6
97018,,1.9778615236282349,vd5ogsc6
97065,,1.9685202836990356,vd5ogsc6
97084,,1.9670835733413696,vd5ogsc6
97104,,1.9889519214630127,vd5ogsc6
97108,,2.0153796672821045,vd5ogsc6
97121,,2.004742383956909,vd5ogsc6
97142,,2.012359142303467,vd5ogsc6
97218,,2.0192790031433105,vd5ogsc6
97240,,1.9854882955551147,vd5ogsc6
97388,,2.0075602531433105,vd5ogsc6
97469,,1.980654001235962,vd5ogsc6
97673,,2.002237319946289,vd5ogsc6
97744,,1.987371563911438,vd5ogsc6
97821,,2.0148117542266846,vd5ogsc6
97894,,1.9874680042266846,vd5ogsc6
97896,,1.9780722856521606,vd5ogsc6
97922,,1.9979832172393799,vd5ogsc6
98034,,2.0023725032806396,vd5ogsc6
98049,,2.0405771732330322,vd5ogsc6
98058,,2.0156328678131104,vd5ogsc6
98086,,1.9883025884628296,vd5ogsc6
98145,,1.9827336072921753,vd5ogsc6
98189,,1.9804158210754395,vd5ogsc6
98240,,1.979621410369873,vd5ogsc6
98256,,1.9743859767913818,vd5ogsc6
98276,,1.9577984809875488,vd5ogsc6
98439,,2.024005889892578,vd5ogsc6
98440,,1.9574698209762573,vd5ogsc6
98443,,1.9628839492797852,vd5ogsc6
98450,,1.9599266052246094,vd5ogsc6
98470,,2.0307910442352295,vd5ogsc6
98523,,1.9768260717391968,vd5ogsc6
98550,,2.0074989795684814,vd5ogsc6
98712,,1.9867839813232422,vd5ogsc6
98786,,1.9873852729797363,vd5ogsc6
98858,,1.9719579219818115,vd5ogsc6
98868,,1.9659432172775269,vd5ogsc6
98897,,2.001420497894287,vd5ogsc6
98899,,2.0155115127563477,vd5ogsc6
98902,,2.0131947994232178,vd5ogsc6
99005,,1.986968755722046,vd5ogsc6
99262,,2.0001072883605957,vd5ogsc6
99476,,2.0018367767333984,vd5ogsc6
99504,,1.9812500476837158,vd5ogsc6
99588,,1.986320972442627,vd5ogsc6
99607,,1.987548589706421,vd5ogsc6
99718,,2.0300168991088867,vd5ogsc6
99783,,1.9829447269439697,vd5ogsc6
99803,,2.0018441677093506,vd5ogsc6
99837,,1.9748350381851196,vd5ogsc6
99887,,1.993597388267517,vd5ogsc6
99937,,2.0136756896972656,vd5ogsc6
99976,,1.9962693452835083,vd5ogsc6
99992,,2.019596815109253,vd5ogsc6
100016,,1.9889553785324097,vd5ogsc6
100109,,1.9486756324768066,vd5ogsc6
100127,,1.9822667837142944,vd5ogsc6
100157,,1.9811874628067017,vd5ogsc6
100163,,1.9705569744110107,vd5ogsc6
100262,,1.965907096862793,vd5ogsc6
100264,,1.9833225011825562,vd5ogsc6
100292,,2.0343241691589355,vd5ogsc6
100296,,2.0093297958374023,vd5ogsc6
100374,,1.9722121953964233,vd5ogsc6
100396,,1.9698905944824219,vd5ogsc6
100420,,2.0055580139160156,vd5ogsc6
100478,,2.010953426361084,vd5ogsc6
100514,,1.9597256183624268,vd5ogsc6
100538,,1.9776591062545776,vd5ogsc6
100730,,1.975013017654419,vd5ogsc6
100749,,1.9806864261627197,vd5ogsc6
100769,,1.992941975593567,vd5ogsc6
100777,,1.9994601011276245,vd5ogsc6
100869,,2.015674352645874,vd5ogsc6
100946,,1.9853475093841553,vd5ogsc6
100999,,2.0083460807800293,vd5ogsc6
101038,,1.999880313873291,vd5ogsc6
101133,,2.006715774536133,vd5ogsc6
101135,,1.9819715023040771,vd5ogsc6
101149,,1.9773424863815308,vd5ogsc6
101173,,2.0282206535339355,vd5ogsc6
101175,,1.9744668006896973,vd5ogsc6
101226,,2.0057826042175293,vd5ogsc6
101241,,1.9526307582855225,vd5ogsc6
101243,,2.0099544525146484,vd5ogsc6
101252,,1.955919861793518,vd5ogsc6
101299,,1.9905400276184082,vd5ogsc6
101362,,1.9523354768753052,vd5ogsc6
101364,,2.0091726779937744,vd5ogsc6
101386,,1.9779767990112305,vd5ogsc6
101395,,1.9937242269515991,vd5ogsc6
101403,,1.9815685749053955,vd5ogsc6
101427,,1.9868698120117188,vd5ogsc6
101539,,1.9831547737121582,vd5ogsc6
101606,,2.009828567504883,vd5ogsc6
101625,,1.9631308317184448,vd5ogsc6
101722,,1.9754585027694702,vd5ogsc6
101736,,2.0144519805908203,vd5ogsc6
101764,,2.0125694274902344,vd5ogsc6
101767,,1.9809315204620361,vd5ogsc6
101788,,1.9656953811645508,vd5ogsc6
101793,,1.966590404510498,vd5ogsc6
101848,,1.9609301090240479,vd5ogsc6
101925,,2.015063524246216,vd5ogsc6
101987,,1.9879707098007202,vd5ogsc6
102013,,1.9747233390808105,vd5ogsc6
102017,,1.9767060279846191,vd5ogsc6
102090,,2.0087249279022217,vd5ogsc6
102167,,1.9709755182266235,vd5ogsc6
102173,,1.9770952463150024,vd5ogsc6
102187,,1.9819858074188232,vd5ogsc6
102210,,2.008164405822754,vd5ogsc6
102212,,1.9630855321884155,vd5ogsc6
102385,,2.0192368030548096,vd5ogsc6
102472,,1.9630571603775024,vd5ogsc6
102494,,1.9883012771606445,vd5ogsc6
102529,,2.023872137069702,vd5ogsc6
102630,,1.9717118740081787,vd5ogsc6
102695,,1.9850221872329712,vd5ogsc6
102704,,2.0055220127105713,vd5ogsc6
102727,,1.9775500297546387,vd5ogsc6
102768,,1.9847040176391602,vd5ogsc6
102776,,1.9823682308197021,vd5ogsc6
102787,,1.9992289543151855,vd5ogsc6
102788,,1.97633695602417,vd5ogsc6
102838,,1.9949350357055664,vd5ogsc6
102854,,1.9801738262176514,vd5ogsc6
102902,,2.0039963722229004,vd5ogsc6
102935,,2.0072011947631836,vd5ogsc6
102996,,1.974205732345581,vd5ogsc6
103130,,2.013615131378174,vd5ogsc6
103166,,1.972550868988037,vd5ogsc6
103172,,1.9811019897460938,vd5ogsc6
103215,,2.009572982788086,vd5ogsc6
103328,,1.9856716394424438,vd5ogsc6
103342,,2.014824390411377,vd5ogsc6
103363,,2.0281379222869873,vd5ogsc6
103375,,1.9842944145202637,vd5ogsc6
103440,,1.9483959674835205,vd5ogsc6
103686,,1.9950278997421265,vd5ogsc6
103727,,1.9676270484924316,vd5ogsc6
103785,,1.9626655578613281,vd5ogsc6
103816,,1.983503818511963,vd5ogsc6
103921,,1.9791196584701538,vd5ogsc6
103956,,2.006958246231079,vd5ogsc6
103980,,2.003706455230713,vd5ogsc6
103991,,1.9855018854141235,vd5ogsc6
104035,,1.991604208946228,vd5ogsc6
104064,,1.9959954023361206,vd5ogsc6
104125,,1.9874181747436523,vd5ogsc6
104132,,1.9810659885406494,vd5ogsc6
104218,,1.96699857711792,vd5ogsc6
104339,,1.9846841096878052,vd5ogsc6
104368,,1.9776595830917358,vd5ogsc6
104400,,2.0081076622009277,vd5ogsc6
104414,,2.0161609649658203,vd5ogsc6
104475,,1.993190050125122,vd5ogsc6
104526,,1.9804812669754028,vd5ogsc6
104538,,2.005748987197876,vd5ogsc6
104549,,1.9853872060775757,vd5ogsc6
104644,,1.9787094593048096,vd5ogsc6
104676,,2.016479969024658,vd5ogsc6
104709,,1.9633355140686035,vd5ogsc6
104751,,1.9596353769302368,vd5ogsc6
104767,,1.9885379076004028,vd5ogsc6
104803,,1.966022253036499,vd5ogsc6
104917,,1.9807838201522827,vd5ogsc6
104919,,2.031980037689209,vd5ogsc6
104934,,2.0052974224090576,vd5ogsc6
104961,,2.006880760192871,vd5ogsc6
105019,,1.999427318572998,vd5ogsc6
105099,,1.9945405721664429,vd5ogsc6
105200,,2.0134124755859375,vd5ogsc6
105231,,1.9708348512649536,vd5ogsc6
105441,,1.960689663887024,vd5ogsc6
105632,,2.000796318054199,vd5ogsc6
105782,,1.993253231048584,vd5ogsc6
105797,,1.9905169010162354,vd5ogsc6
105798,,2.005256414413452,vd5ogsc6
105839,,1.994718313217163,vd5ogsc6
105863,,1.9906847476959229,vd5ogsc6
105865,,1.9544026851654053,vd5ogsc6
105869,,1.9497976303100586,vd5ogsc6
105963,,2.01133394241333,vd5ogsc6
106006,,1.9691493511199951,vd5ogsc6
106014,,1.9664692878723145,vd5ogsc6
106070,,2.0292787551879883,vd5ogsc6
106185,,2.0091726779937744,vd5ogsc6
106209,,1.9963619709014893,vd5ogsc6
106292,,1.9974573850631714,vd5ogsc6
106316,,1.9628276824951172,vd5ogsc6
106327,,2.0014755725860596,vd5ogsc6
106442,,1.9642282724380493,vd5ogsc6
106455,,1.9544246196746826,vd5ogsc6
106494,,2.0394132137298584,vd5ogsc6
106513,,1.9948210716247559,vd5ogsc6
106528,,1.9667398929595947,vd5ogsc6
106579,,1.9579660892486572,vd5ogsc6
106597,,1.9615458250045776,vd5ogsc6
106712,,2.001418352127075,vd5ogsc6
106726,,1.9796611070632935,vd5ogsc6
106798,,1.9775069952011108,vd5ogsc6
107000,,1.9629231691360474,vd5ogsc6
107026,,1.931206464767456,vd5ogsc6
107046,,1.9887020587921143,vd5ogsc6
107063,,1.97389554977417,vd5ogsc6
107221,,1.9482535123825073,vd5ogsc6
107268,,1.9756144285202026,vd5ogsc6
107292,,1.9873194694519043,vd5ogsc6
107300,,1.9882102012634277,vd5ogsc6
107320,,1.9692176580429077,vd5ogsc6
107347,,1.9748826026916504,vd5ogsc6
107425,,1.9758378267288208,vd5ogsc6
107487,,1.9596192836761475,vd5ogsc6
107543,,1.9723436832427979,vd5ogsc6
107611,,1.987095594406128,vd5ogsc6
107618,,1.9765019416809082,vd5ogsc6
107667,,1.9683594703674316,vd5ogsc6
107678,,1.9806463718414307,vd5ogsc6
107731,,1.974205493927002,vd5ogsc6
107754,,1.9965877532958984,vd5ogsc6
107770,,1.9470593929290771,vd5ogsc6
107889,,1.9645144939422607,vd5ogsc6
108022,,1.9802064895629883,vd5ogsc6
108041,,1.947387456893921,vd5ogsc6
108129,,2.0104174613952637,vd5ogsc6
108150,,2.0154879093170166,vd5ogsc6
108242,,1.9907010793685913,vd5ogsc6
108273,,1.9710255861282349,vd5ogsc6
108383,,2.008363962173462,vd5ogsc6
108443,,1.9512600898742676,vd5ogsc6
108449,,1.9714959859848022,vd5ogsc6
108478,,1.936938762664795,vd5ogsc6
108549,,1.9582635164260864,vd5ogsc6
108576,,1.983751654624939,vd5ogsc6
108605,,1.9865292310714722,vd5ogsc6
108606,,1.9705921411514282,vd5ogsc6
108613,,1.980141043663025,vd5ogsc6
108689,,1.9894986152648926,vd5ogsc6
108752,,1.9541009664535522,vd5ogsc6
108770,,1.9917290210723877,vd5ogsc6
108873,,1.9858746528625488,vd5ogsc6
108953,,1.9676216840744019,vd5ogsc6
109078,,1.9801459312438965,vd5ogsc6
109109,,1.9786438941955566,vd5ogsc6
109150,,1.9413964748382568,vd5ogsc6
109151,,1.9917515516281128,vd5ogsc6
109299,,1.966465711593628,vd5ogsc6
109316,,1.988924264907837,vd5ogsc6
109330,,1.9850118160247803,vd5ogsc6
109334,,1.9830594062805176,vd5ogsc6
109356,,2.0258660316467285,vd5ogsc6
109369,,1.9840532541275024,vd5ogsc6
109454,,1.9675534963607788,vd5ogsc6
109559,,2.0099759101867676,vd5ogsc6
109602,,1.9772098064422607,vd5ogsc6
109657,,2.0006392002105713,vd5ogsc6
109777,,1.9465172290802002,vd5ogsc6
109797,,1.9844774007797241,vd5ogsc6
109818,,1.9429348707199097,vd5ogsc6
109823,,1.958954095840454,vd5ogsc6
109942,,1.9868745803833008,vd5ogsc6
110015,,1.9767094850540161,vd5ogsc6
110310,,1.963187336921692,vd5ogsc6
110374,,1.994735836982727,vd5ogsc6
110395,,1.9295463562011719,vd5ogsc6
110430,,1.9696762561798096,vd5ogsc6
110448,,1.9902331829071045,vd5ogsc6
110473,,1.962424874305725,vd5ogsc6
110483,,1.9436376094818115,vd5ogsc6
110523,,1.9807695150375366,vd5ogsc6
110563,,1.9969427585601807,vd5ogsc6
110581,,1.933667778968811,vd5ogsc6
110606,,1.9855204820632935,vd5ogsc6
110674,,1.9954732656478882,vd5ogsc6
110707,,1.990541696548462,vd5ogsc6
110711,,1.971757173538208,vd5ogsc6
110794,,1.9529695510864258,vd5ogsc6
110865,,1.9870305061340332,vd5ogsc6
110889,,2.007694959640503,vd5ogsc6
110984,,1.9431630373001099,vd5ogsc6
111040,,1.9803775548934937,vd5ogsc6
111120,,1.9711450338363647,vd5ogsc6
111141,,1.9758368730545044,vd5ogsc6
111315,,1.9829974174499512,vd5ogsc6
111335,,1.9645147323608398,vd5ogsc6
111342,,1.9516279697418213,vd5ogsc6
111356,,2.0031754970550537,vd5ogsc6
111371,,2.033257484436035,vd5ogsc6
111458,,1.9915541410446167,vd5ogsc6
111466,,2.007538080215454,vd5ogsc6
111548,,1.989536166191101,vd5ogsc6
111613,,1.9535815715789795,vd5ogsc6
111615,,1.9766006469726562,vd5ogsc6
111792,,1.9558440446853638,vd5ogsc6
111815,,2.0142035484313965,vd5ogsc6
111839,,1.9917765855789185,vd5ogsc6
112028,,1.9480676651000977,vd5ogsc6
112066,,1.9669737815856934,vd5ogsc6
112098,,1.968510389328003,vd5ogsc6
112169,,1.946629524230957,vd5ogsc6
112189,,1.9698350429534912,vd5ogsc6
112221,,1.978198766708374,vd5ogsc6
112303,,1.9563956260681152,vd5ogsc6
112379,,1.969465970993042,vd5ogsc6
112479,,2.001145124435425,vd5ogsc6
112502,,1.9598033428192139,vd5ogsc6
112565,,2.0155277252197266,vd5ogsc6
112669,,1.9778434038162231,vd5ogsc6
112755,,1.9846141338348389,vd5ogsc6
112793,,2.0140273571014404,vd5ogsc6
112884,,1.9657416343688965,vd5ogsc6
112930,,1.953672170639038,vd5ogsc6
112971,,1.985761046409607,vd5ogsc6
112978,,1.9701075553894043,vd5ogsc6
113020,,2.0002970695495605,vd5ogsc6
113022,,1.953573226928711,vd5ogsc6
113059,,1.9646880626678467,vd5ogsc6
113065,,1.953744649887085,vd5ogsc6
113071,,1.9904042482376099,vd5ogsc6
113304,,2.000469207763672,vd5ogsc6
113320,,1.9881210327148438,vd5ogsc6
113336,,1.9699457883834839,vd5ogsc6
113412,,1.9724946022033691,vd5ogsc6
113484,,1.9912983179092407,vd5ogsc6
113494,,1.9724905490875244,vd5ogsc6
113505,,1.996841311454773,vd5ogsc6
113526,,1.9605472087860107,vd5ogsc6
113548,,1.9898443222045898,vd5ogsc6
113645,,1.9980429410934448,vd5ogsc6
113677,,1.9988731145858765,vd5ogsc6
113713,,1.9737319946289062,vd5ogsc6
113819,,1.9702303409576416,vd5ogsc6
113860,,1.9680402278900146,vd5ogsc6
113889,,1.9783573150634766,vd5ogsc6
113914,,1.9713389873504639,vd5ogsc6
113944,,1.9926446676254272,vd5ogsc6
113955,,1.980507254600525,vd5ogsc6
113977,,1.9458602666854858,vd5ogsc6
113990,,1.9828184843063354,vd5ogsc6
114015,,1.9496124982833862,vd5ogsc6
114032,,1.9758386611938477,vd5ogsc6
114057,,1.9546771049499512,vd5ogsc6
114059,,1.9912093877792358,vd5ogsc6
114082,,1.9958094358444214,vd5ogsc6
114207,,1.9683258533477783,vd5ogsc6
114225,,1.9913095235824585,vd5ogsc6
114302,,1.9539178609848022,vd5ogsc6
114458,,1.9686863422393799,vd5ogsc6
114534,,1.9315017461776733,vd5ogsc6
114540,,1.9796299934387207,vd5ogsc6
114547,,1.973380446434021,vd5ogsc6
114586,,1.9882864952087402,vd5ogsc6
114759,,1.9625678062438965,vd5ogsc6
114777,,1.9799530506134033,vd5ogsc6
114856,,1.9319345951080322,vd5ogsc6
114876,,1.9521714448928833,vd5ogsc6
114951,,1.9502815008163452,vd5ogsc6
114958,,2.0210301876068115,vd5ogsc6
115036,,1.987874984741211,vd5ogsc6
115099,,1.972406029701233,vd5ogsc6
115110,,2.005674362182617,vd5ogsc6
115116,,1.9618006944656372,vd5ogsc6
115199,,1.992985486984253,vd5ogsc6
115308,,1.9390758275985718,vd5ogsc6
115316,,1.9811244010925293,vd5ogsc6
115330,,1.9746299982070923,vd5ogsc6
115385,,1.9857268333435059,vd5ogsc6
115452,,2.0041093826293945,vd5ogsc6
115528,,1.9613838195800781,vd5ogsc6
115600,,1.985819935798645,vd5ogsc6
115616,,1.981968641281128,vd5ogsc6
115729,,1.9820442199707031,vd5ogsc6
115802,,1.9745612144470215,vd5ogsc6
115857,,1.9778001308441162,vd5ogsc6
115872,,1.9755688905715942,vd5ogsc6
115878,,1.9336951971054077,vd5ogsc6
115888,,1.9617732763290405,vd5ogsc6
115971,,1.9650746583938599,vd5ogsc6
116101,,1.950891137123108,vd5ogsc6
116116,,1.9915668964385986,vd5ogsc6
116176,,1.9753917455673218,vd5ogsc6
116198,,2.0219216346740723,vd5ogsc6
116246,,1.9910571575164795,vd5ogsc6
116256,,1.971889853477478,vd5ogsc6
116370,,1.9943015575408936,vd5ogsc6
116403,,1.9782606363296509,vd5ogsc6
116436,,1.9792230129241943,vd5ogsc6
116462,,1.9449384212493896,vd5ogsc6
116489,,1.9576637744903564,vd5ogsc6
116496,,1.9855931997299194,vd5ogsc6
116536,,1.9669963121414185,vd5ogsc6
116560,,1.9922800064086914,vd5ogsc6
116580,,1.9529242515563965,vd5ogsc6
116591,,1.9871177673339844,vd5ogsc6
116623,,1.9921529293060303,vd5ogsc6
116674,,1.9760736227035522,vd5ogsc6
116707,,1.9909493923187256,vd5ogsc6
116773,,1.9775432348251343,vd5ogsc6
116805,,1.987545371055603,vd5ogsc6
116832,,1.9905568361282349,vd5ogsc6
116908,,1.9953662157058716,vd5ogsc6
116955,,1.9392675161361694,vd5ogsc6
117039,,1.9738271236419678,vd5ogsc6
117109,,1.9268161058425903,vd5ogsc6
117144,,1.9619801044464111,vd5ogsc6
117155,,1.9622015953063965,vd5ogsc6
117171,,2.0023114681243896,vd5ogsc6
117205,,1.9787907600402832,vd5ogsc6
117260,,1.9973504543304443,vd5ogsc6
117308,,1.9627934694290161,vd5ogsc6
117316,,1.9347712993621826,vd5ogsc6
117364,,1.9440383911132812,vd5ogsc6
117427,,1.9818284511566162,vd5ogsc6
117463,,1.9607717990875244,vd5ogsc6
117555,,1.9674023389816284,vd5ogsc6
117675,,1.9141236543655396,vd5ogsc6
117725,,1.9713743925094604,vd5ogsc6
117748,,1.9693946838378906,vd5ogsc6
117873,,1.9937541484832764,vd5ogsc6
117935,,1.9190865755081177,vd5ogsc6
117949,,1.9790782928466797,vd5ogsc6
117959,,1.9847972393035889,vd5ogsc6
118079,,1.9600341320037842,vd5ogsc6
118103,,1.9613064527511597,vd5ogsc6
118128,,1.9812650680541992,vd5ogsc6
118146,,1.9919734001159668,vd5ogsc6
118166,,1.9459469318389893,vd5ogsc6
118169,,1.9889585971832275,vd5ogsc6
118172,,1.9889771938323975,vd5ogsc6
118215,,1.9813354015350342,vd5ogsc6
118227,,1.9763641357421875,vd5ogsc6
118234,,1.969170331954956,vd5ogsc6
118235,,1.9476068019866943,vd5ogsc6
118250,,1.9855152368545532,vd5ogsc6
118274,,2.010740280151367,vd5ogsc6
118407,,1.9712989330291748,vd5ogsc6
118435,,1.9425404071807861,vd5ogsc6
118470,,1.9613367319107056,vd5ogsc6
118560,,1.9729903936386108,vd5ogsc6
118611,,1.9905734062194824,vd5ogsc6
118643,,2.0124826431274414,vd5ogsc6
118646,,1.9803361892700195,vd5ogsc6
118659,,2.0152292251586914,vd5ogsc6
118671,,1.9919887781143188,vd5ogsc6
118843,,1.9332219362258911,vd5ogsc6
118902,,1.9670180082321167,vd5ogsc6
118959,,1.9730970859527588,vd5ogsc6
119009,,1.9859495162963867,vd5ogsc6
119040,,1.9895265102386475,vd5ogsc6
119055,,1.9704806804656982,vd5ogsc6
119144,,1.9978313446044922,vd5ogsc6
119194,,1.9775753021240234,vd5ogsc6
119216,,1.9629850387573242,vd5ogsc6
119281,,1.9690111875534058,vd5ogsc6
119290,,1.967915415763855,vd5ogsc6
119295,,1.953501582145691,vd5ogsc6
119350,,1.9790359735488892,vd5ogsc6
119373,,1.9710197448730469,vd5ogsc6
119445,,1.9732098579406738,vd5ogsc6
119448,,1.957824945449829,vd5ogsc6
119469,,1.9483311176300049,vd5ogsc6
119505,,1.969987392425537,vd5ogsc6
119527,,1.977562665939331,vd5ogsc6
119559,,1.9687620401382446,vd5ogsc6
119574,,1.9584490060806274,vd5ogsc6
119622,,1.9681118726730347,vd5ogsc6
119739,,1.967250108718872,vd5ogsc6
119747,,1.9734212160110474,vd5ogsc6
119910,,1.9679080247879028,vd5ogsc6
120053,,1.9630627632141113,vd5ogsc6
120103,,1.9776493310928345,vd5ogsc6
120109,,1.9754462242126465,vd5ogsc6
120185,,1.9692076444625854,vd5ogsc6
120276,,1.9643571376800537,vd5ogsc6
120305,,1.9328199625015259,vd5ogsc6
120309,,1.973457932472229,vd5ogsc6
120311,,1.9541733264923096,vd5ogsc6
120429,,1.9583823680877686,vd5ogsc6
120460,,1.990227460861206,vd5ogsc6
120466,,1.9665369987487793,vd5ogsc6
120472,,1.9789807796478271,vd5ogsc6
120507,,1.99168860912323,vd5ogsc6
120578,,1.9635251760482788,vd5ogsc6
120579,,2.012564182281494,vd5ogsc6
120638,,1.9583897590637207,vd5ogsc6
120682,,1.947447419166565,vd5ogsc6
120695,,1.9807497262954712,vd5ogsc6
120704,,1.9803811311721802,vd5ogsc6
120727,,1.9740561246871948,vd5ogsc6
120730,,1.992652177810669,vd5ogsc6
120757,,1.9782092571258545,vd5ogsc6
120784,,1.9577577114105225,vd5ogsc6
120817,,1.9692292213439941,vd5ogsc6
121009,,1.973943829536438,vd5ogsc6
121021,,1.9871652126312256,vd5ogsc6
121107,,1.9307657480239868,vd5ogsc6
121132,,1.9989620447158813,vd5ogsc6
121158,,1.970628023147583,vd5ogsc6
121171,,1.995851755142212,vd5ogsc6
121181,,1.98831045627594,vd5ogsc6
121183,,1.9747730493545532,vd5ogsc6
121236,,2.0137641429901123,vd5ogsc6
121353,,1.9586716890335083,vd5ogsc6
121441,,1.977463960647583,vd5ogsc6
121527,,1.9613155126571655,vd5ogsc6
121697,,2.00350022315979,vd5ogsc6
121711,,1.9619498252868652,vd5ogsc6
121724,,1.9603235721588135,vd5ogsc6
121789,,1.9644269943237305,vd5ogsc6
121797,,1.996543526649475,vd5ogsc6
121825,,2.0165419578552246,vd5ogsc6
121878,,1.93959641456604,vd5ogsc6
121894,,1.9498686790466309,vd5ogsc6
121974,,1.9810491800308228,vd5ogsc6
121975,,1.9477980136871338,vd5ogsc6
122138,,1.9492675065994263,vd5ogsc6
122153,,1.987663984298706,vd5ogsc6
122447,,1.9726845026016235,vd5ogsc6
122466,,1.9658050537109375,vd5ogsc6
122481,,1.9548453092575073,vd5ogsc6
122555,,2.0053648948669434,vd5ogsc6
122729,,1.9476077556610107,vd5ogsc6
122749,,1.9748581647872925,vd5ogsc6
122757,,1.9949805736541748,vd5ogsc6
122783,,1.935245394706726,vd5ogsc6
122802,,1.9715147018432617,vd5ogsc6
122839,,1.9575916528701782,vd5ogsc6
122939,,1.9934874773025513,vd5ogsc6
122979,,1.9879546165466309,vd5ogsc6
123137,,1.9222028255462646,vd5ogsc6
123192,,1.9782878160476685,vd5ogsc6
123229,,1.9554333686828613,vd5ogsc6
123261,,1.9931433200836182,vd5ogsc6
123272,,1.9861516952514648,vd5ogsc6
123316,,1.9967992305755615,vd5ogsc6
123320,,1.9788410663604736,vd5ogsc6
123359,,1.9583699703216553,vd5ogsc6
123431,,1.9262573719024658,vd5ogsc6
123432,,1.9362125396728516,vd5ogsc6
123484,,1.9620134830474854,vd5ogsc6
123596,,1.9994385242462158,vd5ogsc6
123657,,1.9763808250427246,vd5ogsc6
123669,,1.967474102973938,vd5ogsc6
123677,,1.9945957660675049,vd5ogsc6
123696,,1.982753038406372,vd5ogsc6
123705,,1.9926120042800903,vd5ogsc6
123707,,1.9907220602035522,vd5ogsc6
123739,,1.9738597869873047,vd5ogsc6
123756,,1.9670952558517456,vd5ogsc6
123769,,1.9843919277191162,vd5ogsc6
123821,,1.968815803527832,vd5ogsc6
123827,,1.981102466583252,vd5ogsc6
123894,,1.9770160913467407,vd5ogsc6
123907,,1.9628658294677734,vd5ogsc6
123970,,1.9412745237350464,vd5ogsc6
123987,,1.9622365236282349,vd5ogsc6
124014,,1.9678435325622559,vd5ogsc6
124041,,1.9859678745269775,vd5ogsc6
124042,,1.991275429725647,vd5ogsc6
124061,,1.9443219900131226,vd5ogsc6
124167,,1.995988368988037,vd5ogsc6
124266,,1.952067494392395,vd5ogsc6
124271,,1.9870120286941528,vd5ogsc6
124299,,1.9597841501235962,vd5ogsc6
124305,,1.9645373821258545,vd5ogsc6
124315,,1.947074055671692,vd5ogsc6
124334,,2.0020155906677246,vd5ogsc6
124349,,1.9776344299316406,vd5ogsc6
124377,,1.9646332263946533,vd5ogsc6
124396,,1.9386667013168335,vd5ogsc6
124479,,1.9953662157058716,vd5ogsc6
124604,,1.9961302280426025,vd5ogsc6
124612,,1.9706331491470337,vd5ogsc6
124779,,1.9610435962677002,vd5ogsc6
124838,,1.973915457725525,vd5ogsc6
124860,,1.963745355606079,vd5ogsc6
124953,,1.965416669845581,vd5ogsc6
124982,,1.986791729927063,vd5ogsc6
124987,,1.9707125425338745,vd5ogsc6
125069,,1.9672913551330566,vd5ogsc6
125128,,1.9879976511001587,vd5ogsc6
125145,,1.9700829982757568,vd5ogsc6
125212,,1.9632411003112793,vd5ogsc6
125307,,1.9879820346832275,vd5ogsc6
125325,,1.9284545183181763,vd5ogsc6
125331,,1.9658215045928955,vd5ogsc6
125476,,1.997805118560791,vd5ogsc6
125486,,1.9651743173599243,vd5ogsc6
125560,,1.9704105854034424,vd5ogsc6
125563,,1.9539133310317993,vd5ogsc6
125576,,1.9589139223098755,vd5ogsc6
125580,,1.9932658672332764,vd5ogsc6
125653,,1.9718648195266724,vd5ogsc6
125726,,1.9840853214263916,vd5ogsc6
125740,,1.9734654426574707,vd5ogsc6
125749,,1.9735661745071411,vd5ogsc6
125787,,1.9507911205291748,vd5ogsc6
125798,,1.9810278415679932,vd5ogsc6
125824,,1.9676635265350342,vd5ogsc6
126005,,1.9591892957687378,vd5ogsc6
126026,,1.9746928215026855,vd5ogsc6
126061,,1.9495587348937988,vd5ogsc6
126116,,1.9726204872131348,vd5ogsc6
126148,,1.966076135635376,vd5ogsc6
126151,,1.9656710624694824,vd5ogsc6
126155,,2.00134539604187,vd5ogsc6
126208,,1.921868920326233,vd5ogsc6
126244,,1.961941123008728,vd5ogsc6
126296,,1.9640072584152222,vd5ogsc6
126303,,1.9835315942764282,vd5ogsc6
126467,,1.9388139247894287,vd5ogsc6
126573,,1.9923864603042603,vd5ogsc6
126587,,2.00645112991333,vd5ogsc6
126653,,2.0119402408599854,vd5ogsc6
126691,,1.9724299907684326,vd5ogsc6
126710,,1.9922672510147095,vd5ogsc6
126916,,1.9555505514144897,vd5ogsc6
127042,,2.003403663635254,vd5ogsc6
127052,,1.9488303661346436,vd5ogsc6
127068,,1.9751412868499756,vd5ogsc6
127074,,2.0052597522735596,vd5ogsc6
127109,,1.9650441408157349,vd5ogsc6
127114,,2.0211193561553955,vd5ogsc6
127168,,1.991889476776123,vd5ogsc6
127223,,1.9727967977523804,vd5ogsc6
127310,,1.9682140350341797,vd5ogsc6
127355,,1.965734601020813,vd5ogsc6
127433,,1.9995059967041016,vd5ogsc6
127452,,1.9534798860549927,vd5ogsc6
127496,,1.9930438995361328,vd5ogsc6
127518,,1.986731767654419,vd5ogsc6
127520,,1.9992218017578125,vd5ogsc6
127619,,1.9617670774459839,vd5ogsc6
127644,,1.9813193082809448,vd5ogsc6
127651,,1.9758305549621582,vd5ogsc6
127684,,1.9636085033416748,vd5ogsc6
127870,,1.943002462387085,vd5ogsc6
127928,,1.9658039808273315,vd5ogsc6
127949,,1.9582946300506592,vd5ogsc6
127953,,1.9418472051620483,vd5ogsc6
127976,,1.9603374004364014,vd5ogsc6
128050,,1.975208044052124,vd5ogsc6
128056,,1.9637293815612793,vd5ogsc6
128096,,1.9714025259017944,vd5ogsc6
128125,,1.9567997455596924,vd5ogsc6
128133,,1.9581817388534546,vd5ogsc6
128154,,1.938899040222168,vd5ogsc6
128217,,1.9858437776565552,vd5ogsc6
128313,,2.0203328132629395,vd5ogsc6
128373,,1.9876576662063599,vd5ogsc6
128465,,1.9933981895446777,vd5ogsc6
128550,,1.983381986618042,vd5ogsc6
128599,,1.9379806518554688,vd5ogsc6
128713,,1.9437307119369507,vd5ogsc6
128719,,1.9659044742584229,vd5ogsc6
128768,,1.9476882219314575,vd5ogsc6
128794,,1.97182035446167,vd5ogsc6
128886,,2.0092532634735107,vd5ogsc6
128956,,1.9793357849121094,vd5ogsc6
128961,,1.9639168977737427,vd5ogsc6
128993,,1.9604769945144653,vd5ogsc6
129000,,1.9411059617996216,vd5ogsc6
129027,,1.9497523307800293,vd5ogsc6
129036,,1.9610519409179688,vd5ogsc6
129046,,1.9819095134735107,vd5ogsc6
129087,,1.9449341297149658,vd5ogsc6
129127,,2.0166234970092773,vd5ogsc6
129232,,1.9897794723510742,vd5ogsc6
129265,,1.978189468383789,vd5ogsc6
129268,,1.9828531742095947,vd5ogsc6
129273,,1.9508073329925537,vd5ogsc6
129388,,2.005317211151123,vd5ogsc6
129479,,1.9879801273345947,vd5ogsc6
129512,,1.9656676054000854,vd5ogsc6
129539,,1.986293911933899,vd5ogsc6
129546,,1.9692102670669556,vd5ogsc6
129571,,1.95622980594635,vd5ogsc6
129663,,1.9724349975585938,vd5ogsc6
129670,,1.9919092655181885,vd5ogsc6
129711,,1.9846487045288086,vd5ogsc6
129713,,1.9578521251678467,vd5ogsc6
129756,,1.9926822185516357,vd5ogsc6
129770,,1.9435889720916748,vd5ogsc6
129799,,2.008460760116577,vd5ogsc6
129824,,1.9652494192123413,vd5ogsc6
129840,,1.9827005863189697,vd5ogsc6
129858,,1.9669474363327026,vd5ogsc6
129876,,1.9768143892288208,vd5ogsc6
129881,,1.963735818862915,vd5ogsc6
129891,,1.9926066398620605,vd5ogsc6
129910,,1.9644900560379028,vd5ogsc6
129976,,1.9640089273452759,vd5ogsc6
130125,,2.0000674724578857,vd5ogsc6
130149,,1.9622746706008911,vd5ogsc6
130160,,1.965975046157837,vd5ogsc6
130168,,1.9557567834854126,vd5ogsc6
130169,,1.9337519407272339,vd5ogsc6
130195,,1.9536222219467163,vd5ogsc6
130268,,1.989444613456726,vd5ogsc6
130271,,1.9901243448257446,vd5ogsc6
130276,,1.9768643379211426,vd5ogsc6
130291,,1.9511553049087524,vd5ogsc6
130429,,1.9414616823196411,vd5ogsc6
130482,,1.9375052452087402,vd5ogsc6
130487,,1.986223816871643,vd5ogsc6
130528,,1.9839788675308228,vd5ogsc6
130540,,1.9833422899246216,vd5ogsc6
130642,,1.9666292667388916,vd5ogsc6
130645,,1.970412015914917,vd5ogsc6
130826,,1.9296637773513794,vd5ogsc6
130897,,2.0113208293914795,vd5ogsc6
130922,,1.9652810096740723,vd5ogsc6
130930,,1.939736247062683,vd5ogsc6
130935,,1.9598549604415894,vd5ogsc6
130957,,1.981783390045166,vd5ogsc6
130961,,1.9768085479736328,vd5ogsc6
130972,,1.9684089422225952,vd5ogsc6
131108,,1.9553533792495728,vd5ogsc6
131155,,1.9655747413635254,vd5ogsc6
131177,,1.9775972366333008,vd5ogsc6
131261,,1.941137671470642,vd5ogsc6
131320,,1.966609001159668,vd5ogsc6
131428,,1.9706982374191284,vd5ogsc6
131431,,1.9774497747421265,vd5ogsc6
131479,,1.9696327447891235,vd5ogsc6
131483,,1.9779216051101685,vd5ogsc6
131530,,1.9563864469528198,vd5ogsc6
131538,,1.956092357635498,vd5ogsc6
131618,,1.9534964561462402,vd5ogsc6
131714,,1.9740056991577148,vd5ogsc6
131727,,1.9834486246109009,vd5ogsc6
131883,,1.9831857681274414,vd5ogsc6
131886,,1.9658674001693726,vd5ogsc6
131896,,1.958203673362732,vd5ogsc6
131913,,1.976982831954956,vd5ogsc6
131943,,2.001412868499756,vd5ogsc6
131950,,2.0033671855926514,vd5ogsc6
131964,,1.9486743211746216,vd5ogsc6
131967,,1.9875601530075073,vd5ogsc6
131972,,1.9882642030715942,vd5ogsc6
131992,,1.9494813680648804,vd5ogsc6
132032,,1.9937539100646973,vd5ogsc6
132062,,1.9843429327011108,vd5ogsc6
132113,,1.958236813545227,vd5ogsc6
132127,,1.9533941745758057,vd5ogsc6
132238,,1.958315134048462,vd5ogsc6
132281,,1.9672619104385376,vd5ogsc6
132331,,1.9811447858810425,vd5ogsc6
132343,,1.9758048057556152,vd5ogsc6
132380,,1.9744868278503418,vd5ogsc6
132397,,1.9688968658447266,vd5ogsc6
132403,,1.9712127447128296,vd5ogsc6
132431,,1.9640640020370483,vd5ogsc6
132435,,1.947323203086853,vd5ogsc6
132637,,2.004072666168213,vd5ogsc6
132640,,1.9620954990386963,vd5ogsc6
132665,,1.997595191001892,vd5ogsc6
132771,,1.9616647958755493,vd5ogsc6
132803,,1.9443507194519043,vd5ogsc6
132843,,1.9755780696868896,vd5ogsc6
132846,,1.9770017862319946,vd5ogsc6
132855,,2.0136263370513916,vd5ogsc6
133065,,1.9914569854736328,vd5ogsc6
133112,,1.966223120689392,vd5ogsc6
133155,,1.9736911058425903,vd5ogsc6
133186,,1.9687126874923706,vd5ogsc6
133192,,1.9777231216430664,vd5ogsc6
133331,,1.9614109992980957,vd5ogsc6
133374,,1.9890406131744385,vd5ogsc6
133390,,1.984127402305603,vd5ogsc6
133391,,1.9508640766143799,vd5ogsc6
133428,,1.9465779066085815,vd5ogsc6
133543,,1.9601595401763916,vd5ogsc6
133547,,1.995229959487915,vd5ogsc6
133565,,1.9889050722122192,vd5ogsc6
133567,,1.981907844543457,vd5ogsc6
133572,,1.953547477722168,vd5ogsc6
133586,,1.9338781833648682,vd5ogsc6
133606,,1.9706991910934448,vd5ogsc6
133627,,1.9684827327728271,vd5ogsc6
133632,,1.9752904176712036,vd5ogsc6
133679,,1.9504814147949219,vd5ogsc6
133721,,1.965548038482666,vd5ogsc6
133759,,1.9446501731872559,vd5ogsc6
133774,,1.9519551992416382,vd5ogsc6
133776,,1.965950846672058,vd5ogsc6
133844,,1.9659101963043213,vd5ogsc6
133852,,1.9582428932189941,vd5ogsc6
133901,,1.9765207767486572,vd5ogsc6
133974,,1.961553931236267,vd5ogsc6
134007,,1.9638452529907227,vd5ogsc6
134108,,1.9708356857299805,vd5ogsc6
134171,,1.958767056465149,vd5ogsc6
134216,,1.9754154682159424,vd5ogsc6
134368,,1.9557955265045166,vd5ogsc6
134436,,2.0015597343444824,vd5ogsc6
134546,,1.9965475797653198,vd5ogsc6
134572,,1.955247163772583,vd5ogsc6
134601,,1.9516830444335938,vd5ogsc6
134643,,1.9612371921539307,vd5ogsc6
134670,,1.9893966913223267,vd5ogsc6
134738,,1.9822921752929688,vd5ogsc6
134757,,1.9553556442260742,vd5ogsc6
134812,,1.9436330795288086,vd5ogsc6
134852,,1.9563418626785278,vd5ogsc6
134887,,1.9478155374526978,vd5ogsc6
134891,,1.9378920793533325,vd5ogsc6
134898,,1.9729585647583008,vd5ogsc6
134915,,1.9730006456375122,vd5ogsc6
134937,,1.9729366302490234,vd5ogsc6
134995,,1.9646880626678467,vd5ogsc6
134999,,1.9473131895065308,vd5ogsc6
135075,,1.9733589887619019,vd5ogsc6
135119,,1.9301754236221313,vd5ogsc6
135164,,2.0325474739074707,vd5ogsc6
135260,,1.958741545677185,vd5ogsc6
135293,,1.9745539426803589,vd5ogsc6
135298,,1.9692578315734863,vd5ogsc6
135309,,1.9491077661514282,vd5ogsc6
135363,,1.9438133239746094,vd5ogsc6
135401,,1.9730310440063477,vd5ogsc6
135479,,1.9578607082366943,vd5ogsc6
135480,,1.9343225955963135,vd5ogsc6
135509,,1.9835518598556519,vd5ogsc6
135531,,1.953667163848877,vd5ogsc6
135548,,1.9687379598617554,vd5ogsc6
135594,,1.9789094924926758,vd5ogsc6
135606,,1.9352989196777344,vd5ogsc6
135771,,1.9778289794921875,vd5ogsc6
135793,,1.9567028284072876,vd5ogsc6
135842,,1.9568508863449097,vd5ogsc6
135952,,1.9633766412734985,vd5ogsc6
136001,,1.9800848960876465,vd5ogsc6
136005,,1.987432837486267,vd5ogsc6
136037,,1.9531049728393555,vd5ogsc6
136047,,1.9535114765167236,vd5ogsc6
136124,,1.9404343366622925,vd5ogsc6
136333,,1.9401170015335083,vd5ogsc6
136421,,1.9501664638519287,vd5ogsc6
136449,,1.9685568809509277,vd5ogsc6
136525,,1.9274309873580933,vd5ogsc6
136583,,2.0092954635620117,vd5ogsc6
136628,,1.9695171117782593,vd5ogsc6
136636,,1.9717788696289062,vd5ogsc6
136663,,1.938352346420288,vd5ogsc6
136692,,1.9756333827972412,vd5ogsc6
136729,,1.9700243473052979,vd5ogsc6
136854,,1.9398194551467896,vd5ogsc6
136883,,1.9719055891036987,vd5ogsc6
136934,,2.010495185852051,vd5ogsc6
136978,,1.9679080247879028,vd5ogsc6
137039,,1.966801643371582,vd5ogsc6
137078,,1.9679073095321655,vd5ogsc6
137112,,1.9670644998550415,vd5ogsc6
137158,,2.0001583099365234,vd5ogsc6
137233,,1.939962387084961,vd5ogsc6
137256,,1.9616496562957764,vd5ogsc6
137279,,1.9222568273544312,vd5ogsc6
137357,,1.9312231540679932,vd5ogsc6
137360,,1.965850591659546,vd5ogsc6
137429,,1.9775760173797607,vd5ogsc6
137468,,1.9530766010284424,vd5ogsc6
137501,,1.9618498086929321,vd5ogsc6
137527,,1.993401050567627,vd5ogsc6
137562,,1.9688864946365356,vd5ogsc6
137571,,1.986021876335144,vd5ogsc6
137630,,1.9810909032821655,vd5ogsc6
137649,,1.9302170276641846,vd5ogsc6
137816,,1.9538400173187256,vd5ogsc6
137837,,1.9786826372146606,vd5ogsc6
137938,,1.960210919380188,vd5ogsc6
138009,,1.9481264352798462,vd5ogsc6
138025,,1.9971942901611328,vd5ogsc6
138045,,1.9530868530273438,vd5ogsc6
138166,,1.9702831506729126,vd5ogsc6
138238,,2.0007524490356445,vd5ogsc6
138268,,1.997797966003418,vd5ogsc6
138331,,1.968201756477356,vd5ogsc6
138361,,1.9457085132598877,vd5ogsc6
138406,,1.9839067459106445,vd5ogsc6
138426,,1.9613909721374512,vd5ogsc6
138485,,1.969583511352539,vd5ogsc6
138667,,1.9676861763000488,vd5ogsc6
138674,,1.9779133796691895,vd5ogsc6
138712,,1.9711772203445435,vd5ogsc6
138764,,2.005614757537842,vd5ogsc6
139073,,2.008713483810425,vd5ogsc6
139097,,1.9785044193267822,vd5ogsc6
139164,,2.0049679279327393,vd5ogsc6
139186,,1.920804500579834,vd5ogsc6
139233,,1.9618650674819946,vd5ogsc6
139342,,1.9574649333953857,vd5ogsc6
139359,,1.9574800729751587,vd5ogsc6
139443,,1.9852406978607178,vd5ogsc6
139503,,1.954032063484192,vd5ogsc6
139514,,1.9397625923156738,vd5ogsc6
139515,,1.9860625267028809,vd5ogsc6
139519,,1.946791410446167,vd5ogsc6
139553,,1.9936091899871826,vd5ogsc6
139563,,1.9556816816329956,vd5ogsc6
139645,,1.9602818489074707,vd5ogsc6
139676,,1.9397239685058594,vd5ogsc6
139731,,1.9900153875350952,vd5ogsc6
139737,,1.970787525177002,vd5ogsc6
139813,,1.967211127281189,vd5ogsc6
139884,,1.9688546657562256,vd5ogsc6
139889,,1.9568850994110107,vd5ogsc6
139947,,1.9452219009399414,vd5ogsc6
139962,,1.9354922771453857,vd5ogsc6
139966,,1.9738246202468872,vd5ogsc6
139981,,1.9621930122375488,vd5ogsc6
140007,,1.9868427515029907,vd5ogsc6
140029,,1.9769015312194824,vd5ogsc6
140150,,1.9619802236557007,vd5ogsc6
140193,,1.9448305368423462,vd5ogsc6
140194,,1.9726512432098389,vd5ogsc6
140235,,1.9738175868988037,vd5ogsc6
140269,,1.9781943559646606,vd5ogsc6
140299,,1.9816453456878662,vd5ogsc6
140379,,1.9640381336212158,vd5ogsc6
140703,,1.972861647605896,vd5ogsc6
140718,,1.9578169584274292,vd5ogsc6
140749,,1.99087393283844,vd5ogsc6
140770,,1.990398645401001,vd5ogsc6
140820,,1.9918040037155151,vd5ogsc6
140821,,1.9824880361557007,vd5ogsc6
140822,,1.9500956535339355,vd5ogsc6
140917,,1.9659396409988403,vd5ogsc6
140966,,1.952065348625183,vd5ogsc6
140987,,1.99165678024292,vd5ogsc6
141102,,1.9626694917678833,vd5ogsc6
141183,,1.9590425491333008,vd5ogsc6
141275,,1.9439746141433716,vd5ogsc6
141337,,1.9877331256866455,vd5ogsc6
141383,,1.9965590238571167,vd5ogsc6
141390,,1.9456534385681152,vd5ogsc6
141439,,1.9829274415969849,vd5ogsc6
141556,,1.9681575298309326,vd5ogsc6
141626,,1.9600492715835571,vd5ogsc6
141633,,1.9535130262374878,vd5ogsc6
141667,,1.9730310440063477,vd5ogsc6
141669,,1.949575662612915,vd5ogsc6
141744,,1.9480782747268677,vd5ogsc6
141748,,1.9772621393203735,vd5ogsc6
141906,,1.9672850370407104,vd5ogsc6
141973,,1.9836442470550537,vd5ogsc6
142037,,1.9388114213943481,vd5ogsc6
142226,,1.9848576784133911,vd5ogsc6
142238,,1.994685411453247,vd5ogsc6
142281,,1.9677753448486328,vd5ogsc6
142305,,1.961401104927063,vd5ogsc6
142311,,1.9918078184127808,vd5ogsc6
142490,,1.967450737953186,vd5ogsc6
142540,,1.9709428548812866,vd5ogsc6
142560,,1.9601091146469116,vd5ogsc6
142584,,1.9767916202545166,vd5ogsc6
142602,,2.008558511734009,vd5ogsc6
142615,,2.015860080718994,vd5ogsc6
142675,,1.9904450178146362,vd5ogsc6
142688,,1.9473309516906738,vd5ogsc6
142749,,1.9675440788269043,vd5ogsc6
142813,,1.9923635721206665,vd5ogsc6
142855,,1.96876060962677,vd5ogsc6
142859,,1.964135766029358,vd5ogsc6
142870,,1.9594968557357788,vd5ogsc6
142880,,1.9457802772521973,vd5ogsc6
143000,1.960450530052185,,vd5ogsc6
