_step,train/loss,eval/paloma/c4_en/loss,eval/loss,eval/macro_loss,_segment
0,,12.242094993591309,12.226378440856934,11.465551376342773,tootsie-scaling-1536-350a3a
60,7.976457118988037,,,,tootsie-scaling-1536-350a3a
62,7.811831951141357,,,,tootsie-scaling-1536-350a3a
73,7.445387840270996,,,,tootsie-scaling-1536-350a3a
181,5.799313545227051,,,,tootsie-scaling-1536-350a3a
184,5.799966812133789,,,,tootsie-scaling-1536-350a3a
188,5.773000717163086,,,,tootsie-scaling-1536-350a3a
199,5.685641288757324,,,,tootsie-scaling-1536-350a3a
227,5.465787410736084,,,,tootsie-scaling-1536-350a3a
269,5.174071311950684,,,,tootsie-scaling-1536-350a3a
283,5.201394081115723,,,,tootsie-scaling-1536-350a3a
290,5.137390613555908,,,,tootsie-scaling-1536-350a3a
313,4.986077785491943,,,,tootsie-scaling-1536-350a3a
321,4.9647440910339355,,,,tootsie-scaling-1536-350a3a
322,4.961359977722168,,,,tootsie-scaling-1536-350a3a
343,4.850949764251709,,,,tootsie-scaling-1536-350a3a
360,4.791069030761719,,,,tootsie-scaling-1536-350a3a
377,4.702054500579834,,,,tootsie-scaling-1536-350a3a
468,4.254797458648682,,,,tootsie-scaling-1536-350a3a
518,4.120617866516113,,,,tootsie-scaling-1536-350a3a
523,4.123119831085205,,,,tootsie-scaling-1536-350a3a
570,4.0086588859558105,,,,tootsie-scaling-1536-350a3a
649,3.845886468887329,,,,tootsie-scaling-1536-350a3a
680,3.802053928375244,,,,tootsie-scaling-1536-350a3a
707,3.7866859436035156,,,,tootsie-scaling-1536-350a3a
733,3.7182857990264893,,,,tootsie-scaling-1536-350a3a
838,3.5711660385131836,,,,tootsie-scaling-1536-350a3a
867,3.5706241130828857,,,,tootsie-scaling-1536-350a3a
883,3.5508604049682617,,,,tootsie-scaling-1536-350a3a
904,3.5415079593658447,,,,tootsie-scaling-1536-350a3a
909,3.5274336338043213,,,,tootsie-scaling-1536-350a3a
927,3.5289177894592285,,,,tootsie-scaling-1536-350a3a
1055,3.443575143814087,,,,tootsie-scaling-1536-350a3a
1067,3.3604509830474854,,,,tootsie-scaling-1536-350a3a
1083,3.3775551319122314,,,,tootsie-scaling-1536-350a3a
1100,3.372178554534912,,,,tootsie-scaling-1536-350a3a
1133,3.3339693546295166,,,,tootsie-scaling-1536-350a3a
1150,3.3066372871398926,,,,tootsie-scaling-1536-350a3a
1152,3.304065227508545,,,,tootsie-scaling-1536-350a3a
1164,3.3306353092193604,,,,tootsie-scaling-1536-350a3a
1212,3.277951240539551,,,,tootsie-scaling-1536-350a3a
1263,3.2804741859436035,,,,tootsie-scaling-1536-350a3a
1399,3.1816108226776123,,,,tootsie-scaling-1536-350a3a
1412,3.1989221572875977,,,,tootsie-scaling-1536-350a3a
1432,3.1723625659942627,,,,tootsie-scaling-1536-350a3a
1453,3.1842427253723145,,,,tootsie-scaling-1536-350a3a
1457,3.138300657272339,,,,tootsie-scaling-1536-350a3a
1504,3.164090871810913,,,,tootsie-scaling-1536-350a3a
1623,3.143728494644165,,,,tootsie-scaling-1536-350a3a
1652,3.0903165340423584,,,,tootsie-scaling-1536-350a3a
1668,3.1383790969848633,,,,tootsie-scaling-1536-350a3a
1684,3.108536958694458,,,,tootsie-scaling-1536-350a3a
1693,3.105072259902954,,,,tootsie-scaling-1536-350a3a
1696,3.116990804672241,,,,tootsie-scaling-1536-350a3a
1701,3.080862045288086,,,,tootsie-scaling-1536-350a3a
1769,3.098637342453003,,,,tootsie-scaling-1536-350a3a
1843,3.0683434009552,,,,tootsie-scaling-1536-350a3a
1857,3.084388494491577,,,,tootsie-scaling-1536-350a3a
1859,3.1072628498077393,,,,tootsie-scaling-1536-350a3a
1874,3.164060354232788,,,,tootsie-scaling-1536-350a3a
1903,3.0415849685668945,,,,tootsie-scaling-1536-350a3a
1913,3.036561965942383,,,,tootsie-scaling-1536-350a3a
1916,3.021362066268921,,,,tootsie-scaling-1536-350a3a
1968,3.020235300064087,,,,tootsie-scaling-1536-350a3a
2008,3.051621913909912,,,,tootsie-scaling-1536-350a3a
2034,3.009056806564331,,,,tootsie-scaling-1536-350a3a
2126,3.0685970783233643,,,,tootsie-scaling-1536-350a3a
2132,3.057810068130493,,,,tootsie-scaling-1536-350a3a
2140,2.9995133876800537,,,,tootsie-scaling-1536-350a3a
2183,3.031430959701538,,,,tootsie-scaling-1536-350a3a
2209,2.9966297149658203,,,,tootsie-scaling-1536-350a3a
2215,2.992722988128662,,,,tootsie-scaling-1536-350a3a
2260,3.0226211547851562,,,,tootsie-scaling-1536-350a3a
2266,3.0449864864349365,,,,tootsie-scaling-1536-350a3a
2374,2.990065813064575,,,,tootsie-scaling-1536-350a3a
2384,3.003819704055786,,,,tootsie-scaling-1536-350a3a
2413,2.9832234382629395,,,,tootsie-scaling-1536-350a3a
2417,2.9755020141601562,,,,tootsie-scaling-1536-350a3a
2445,2.984224557876587,,,,tootsie-scaling-1536-350a3a
2452,2.9542226791381836,,,,tootsie-scaling-1536-350a3a
2461,2.943765163421631,,,,tootsie-scaling-1536-350a3a
2500,2.9611361026763916,,,,tootsie-scaling-1536-350a3a
2580,2.9690463542938232,,,,tootsie-scaling-1536-350a3a
2606,2.9337050914764404,,,,tootsie-scaling-1536-350a3a
2634,2.9629855155944824,,,,tootsie-scaling-1536-350a3a
2722,2.923882007598877,,,,tootsie-scaling-1536-350a3a
2724,2.971259355545044,,,,tootsie-scaling-1536-350a3a
2766,2.9480762481689453,,,,tootsie-scaling-1536-350a3a
2785,2.9382641315460205,,,,tootsie-scaling-1536-350a3a
2984,2.9276254177093506,,,,tootsie-scaling-1536-350a3a
3006,2.921341896057129,,,,tootsie-scaling-1536-350a3a
3091,2.9409866333007812,,,,tootsie-scaling-1536-350a3a
3092,2.901153087615967,,,,tootsie-scaling-1536-350a3a
3122,2.875272512435913,,,,tootsie-scaling-1536-350a3a
3180,2.871122360229492,,,,tootsie-scaling-1536-350a3a
3188,2.9406538009643555,,,,tootsie-scaling-1536-350a3a
3200,2.910008668899536,,,,tootsie-scaling-1536-350a3a
3254,2.866520643234253,,,,tootsie-scaling-1536-350a3a
3271,2.88192081451416,,,,tootsie-scaling-1536-350a3a
3293,2.896747350692749,,,,tootsie-scaling-1536-350a3a
3332,2.8689939975738525,,,,tootsie-scaling-1536-350a3a
3335,2.903306484222412,,,,tootsie-scaling-1536-350a3a
3372,2.898421049118042,,,,tootsie-scaling-1536-350a3a
3398,2.8888328075408936,,,,tootsie-scaling-1536-350a3a
3424,2.8774988651275635,,,,tootsie-scaling-1536-350a3a
3441,2.8610992431640625,,,,tootsie-scaling-1536-350a3a
3447,2.8713154792785645,,,,tootsie-scaling-1536-350a3a
3505,2.8632686138153076,,,,tootsie-scaling-1536-350a3a
3558,2.898038864135742,,,,tootsie-scaling-1536-350a3a
3609,2.8663768768310547,,,,tootsie-scaling-1536-350a3a
3610,2.8596715927124023,,,,tootsie-scaling-1536-350a3a
3656,2.901038885116577,,,,tootsie-scaling-1536-350a3a
3657,2.855008840560913,,,,tootsie-scaling-1536-350a3a
3674,2.86542010307312,,,,tootsie-scaling-1536-350a3a
3689,2.867589235305786,,,,tootsie-scaling-1536-350a3a
3705,2.8670384883880615,,,,tootsie-scaling-1536-350a3a
3815,2.8787784576416016,,,,tootsie-scaling-1536-350a3a
3829,2.866396903991699,,,,tootsie-scaling-1536-350a3a
3868,2.813779354095459,,,,tootsie-scaling-1536-350a3a
3871,2.855926752090454,,,,tootsie-scaling-1536-350a3a
3901,2.8461697101593018,,,,tootsie-scaling-1536-350a3a
3906,2.8577840328216553,,,,tootsie-scaling-1536-350a3a
3912,2.850412607192993,,,,tootsie-scaling-1536-350a3a
3925,2.8521955013275146,,,,tootsie-scaling-1536-350a3a
3954,2.8132436275482178,,,,tootsie-scaling-1536-350a3a
3963,2.854832172393799,,,,tootsie-scaling-1536-350a3a
3970,2.8376617431640625,,,,tootsie-scaling-1536-350a3a
4000,2.8550591468811035,,,,tootsie-scaling-1536-350a3a
4022,2.836212396621704,,,,tootsie-scaling-1536-350a3a
4039,2.8278017044067383,,,,tootsie-scaling-1536-350a3a
4080,2.8717896938323975,,,,tootsie-scaling-1536-350a3a
4146,2.8181889057159424,,,,tootsie-scaling-1536-350a3a
4168,2.83256459236145,,,,tootsie-scaling-1536-350a3a
4175,2.826215982437134,,,,tootsie-scaling-1536-350a3a
4310,2.8088088035583496,,,,tootsie-scaling-1536-350a3a
4333,2.8412389755249023,,,,tootsie-scaling-1536-350a3a
4335,2.8338675498962402,,,,tootsie-scaling-1536-350a3a
4343,2.819791793823242,,,,tootsie-scaling-1536-350a3a
4519,2.8178560733795166,,,,tootsie-scaling-1536-350a3a
4596,2.8011906147003174,,,,tootsie-scaling-1536-350a3a
4603,2.8250067234039307,,,,tootsie-scaling-1536-350a3a
4615,2.833495855331421,,,,tootsie-scaling-1536-350a3a
4648,2.8063855171203613,,,,tootsie-scaling-1536-350a3a
4708,2.818331480026245,,,,tootsie-scaling-1536-350a3a
4776,2.8085765838623047,,,,tootsie-scaling-1536-350a3a
4811,2.7926411628723145,,,,tootsie-scaling-1536-350a3a
4853,2.825342893600464,,,,tootsie-scaling-1536-350a3a
4865,2.7671961784362793,,,,tootsie-scaling-1536-350a3a
4875,2.7956137657165527,,,,tootsie-scaling-1536-350a3a
4909,2.79723858833313,,,,tootsie-scaling-1536-350a3a
4926,2.8269174098968506,,,,tootsie-scaling-1536-350a3a
4996,2.7934494018554688,,,,tootsie-scaling-1536-350a3a
5036,2.7918167114257812,,,,tootsie-scaling-1536-350a3a
5168,2.8123157024383545,,,,tootsie-scaling-1536-350a3a
5192,2.7936851978302,,,,tootsie-scaling-1536-350a3a
5206,2.788543224334717,,,,tootsie-scaling-1536-350a3a
5387,2.765030860900879,,,,tootsie-scaling-1536-350a3a
5546,2.7758028507232666,,,,tootsie-scaling-1536-350a3a
5554,2.7467050552368164,,,,tootsie-scaling-1536-350a3a
5555,2.801330804824829,,,,tootsie-scaling-1536-350a3a
5588,2.775700569152832,,,,tootsie-scaling-1536-350a3a
5605,2.788994073867798,,,,tootsie-scaling-1536-350a3a
5610,2.748040199279785,,,,tootsie-scaling-1536-350a3a
5644,2.7534046173095703,,,,tootsie-scaling-1536-350a3a
5659,2.769538164138794,,,,tootsie-scaling-1536-350a3a
5709,2.80036997795105,,,,tootsie-scaling-1536-350a3a
5710,2.788475513458252,,,,tootsie-scaling-1536-350a3a
5719,2.765794038772583,,,,tootsie-scaling-1536-350a3a
5743,2.775181293487549,,,,tootsie-scaling-1536-350a3a
5822,2.7602827548980713,,,,tootsie-scaling-1536-350a3a
5828,2.7516727447509766,,,,tootsie-scaling-1536-350a3a
5842,2.738781690597534,,,,tootsie-scaling-1536-350a3a
5866,2.7888245582580566,,,,tootsie-scaling-1536-350a3a
5934,2.728924036026001,,,,tootsie-scaling-1536-350a3a
5936,2.778315782546997,,,,tootsie-scaling-1536-350a3a
5943,2.755276679992676,,,,tootsie-scaling-1536-350a3a
5962,2.7453300952911377,,,,tootsie-scaling-1536-350a3a
5978,2.752017021179199,,,,tootsie-scaling-1536-350a3a
5984,2.762195348739624,,,,tootsie-scaling-1536-350a3a
6011,2.778686046600342,,,,tootsie-scaling-1536-350a3a
6032,2.7489428520202637,,,,tootsie-scaling-1536-350a3a
6091,2.751795768737793,,,,tootsie-scaling-1536-350a3a
6100,2.7580759525299072,,,,tootsie-scaling-1536-350a3a
6108,2.7881412506103516,,,,tootsie-scaling-1536-350a3a
6115,2.7669718265533447,,,,tootsie-scaling-1536-350a3a
6130,2.7771034240722656,,,,tootsie-scaling-1536-350a3a
6207,2.75199818611145,,,,tootsie-scaling-1536-350a3a
6257,2.771003246307373,,,,tootsie-scaling-1536-350a3a
6367,2.766953945159912,,,,tootsie-scaling-1536-350a3a
6381,2.7556605339050293,,,,tootsie-scaling-1536-350a3a
6451,2.747307777404785,,,,tootsie-scaling-1536-350a3a
6513,2.7476916313171387,,,,tootsie-scaling-1536-350a3a
6515,2.7645370960235596,,,,tootsie-scaling-1536-350a3a
6534,2.790590763092041,,,,tootsie-scaling-1536-350a3a
6582,2.7780332565307617,,,,tootsie-scaling-1536-350a3a
6661,2.7326128482818604,,,,tootsie-scaling-1536-350a3a
6711,2.784074068069458,,,,tootsie-scaling-1536-350a3a
6742,2.748401641845703,,,,tootsie-scaling-1536-350a3a
6785,2.757993459701538,,,,tootsie-scaling-1536-350a3a
6806,2.7396368980407715,,,,tootsie-scaling-1536-350a3a
6814,2.7615714073181152,,,,tootsie-scaling-1536-350a3a
6822,2.7463173866271973,,,,tootsie-scaling-1536-350a3a
6845,2.7458252906799316,,,,tootsie-scaling-1536-350a3a
6993,2.7029666900634766,,,,tootsie-scaling-1536-350a3a
7030,2.727613925933838,,,,tootsie-scaling-1536-350a3a
7070,2.7393269538879395,,,,tootsie-scaling-1536-350a3a
7140,2.749502658843994,,,,tootsie-scaling-1536-350a3a
7145,2.7322347164154053,,,,tootsie-scaling-1536-350a3a
7193,2.7245798110961914,,,,tootsie-scaling-1536-350a3a
7222,2.7365341186523438,,,,tootsie-scaling-1536-350a3a
7225,2.7541332244873047,,,,tootsie-scaling-1536-350a3a
7304,2.7161624431610107,,,,tootsie-scaling-1536-350a3a
7311,2.7508678436279297,,,,tootsie-scaling-1536-350a3a
7370,2.75551700592041,,,,tootsie-scaling-1536-350a3a
7374,2.728886842727661,,,,tootsie-scaling-1536-350a3a
7401,2.741074323654175,,,,tootsie-scaling-1536-350a3a
7440,2.7218942642211914,,,,tootsie-scaling-1536-350a3a
7445,2.7566139698028564,,,,tootsie-scaling-1536-350a3a
7484,2.7390480041503906,,,,tootsie-scaling-1536-350a3a
7496,2.7672371864318848,,,,tootsie-scaling-1536-350a3a
7525,2.735476493835449,,,,tootsie-scaling-1536-350a3a
7557,2.7055013179779053,,,,tootsie-scaling-1536-350a3a
7567,2.7316665649414062,,,,tootsie-scaling-1536-350a3a
7627,2.6974236965179443,,,,tootsie-scaling-1536-350a3a
7629,2.753984212875366,,,,tootsie-scaling-1536-350a3a
7651,2.746979236602783,,,,tootsie-scaling-1536-350a3a
7663,2.7227423191070557,,,,tootsie-scaling-1536-350a3a
7675,2.7191174030303955,,,,tootsie-scaling-1536-350a3a
7730,2.7052643299102783,,,,tootsie-scaling-1536-350a3a
7745,2.7378506660461426,,,,tootsie-scaling-1536-350a3a
7762,2.7078769207000732,,,,tootsie-scaling-1536-350a3a
7777,2.7065014839172363,,,,tootsie-scaling-1536-350a3a
7820,2.7182655334472656,,,,tootsie-scaling-1536-350a3a
7840,2.712581157684326,,,,tootsie-scaling-1536-350a3a
7866,2.7224838733673096,,,,tootsie-scaling-1536-350a3a
7923,2.724160671234131,,,,tootsie-scaling-1536-350a3a
7931,2.7518465518951416,,,,tootsie-scaling-1536-350a3a
8168,2.711294651031494,,,,tootsie-scaling-1536-350a3a
8256,2.7208800315856934,,,,tootsie-scaling-1536-350a3a
8289,2.7233476638793945,,,,tootsie-scaling-1536-350a3a
8305,2.685560941696167,,,,tootsie-scaling-1536-350a3a
8377,2.7053050994873047,,,,tootsie-scaling-1536-350a3a
8407,2.7207353115081787,,,,tootsie-scaling-1536-350a3a
8445,2.7468411922454834,,,,tootsie-scaling-1536-350a3a
8484,2.72324275970459,,,,tootsie-scaling-1536-350a3a
8520,2.729641914367676,,,,tootsie-scaling-1536-350a3a
8554,2.686697006225586,,,,tootsie-scaling-1536-350a3a
8555,2.741274833679199,,,,tootsie-scaling-1536-350a3a
8566,2.717892646789551,,,,tootsie-scaling-1536-350a3a
8576,2.7202768325805664,,,,tootsie-scaling-1536-350a3a
8578,2.6760780811309814,,,,tootsie-scaling-1536-350a3a
8700,2.7230327129364014,,,,tootsie-scaling-1536-350a3a
8719,2.6945455074310303,,,,tootsie-scaling-1536-350a3a
8749,2.7201945781707764,,,,tootsie-scaling-1536-350a3a
8751,2.6955926418304443,,,,tootsie-scaling-1536-350a3a
8756,2.6893503665924072,,,,tootsie-scaling-1536-350a3a
8781,2.7160239219665527,,,,tootsie-scaling-1536-350a3a
8798,2.7226836681365967,,,,tootsie-scaling-1536-350a3a
8804,2.713646173477173,,,,tootsie-scaling-1536-350a3a
8805,2.6933889389038086,,,,tootsie-scaling-1536-350a3a
8825,2.6944990158081055,,,,tootsie-scaling-1536-350a3a
8830,2.6968934535980225,,,,tootsie-scaling-1536-350a3a
8869,2.7142508029937744,,,,tootsie-scaling-1536-350a3a
8892,2.676485776901245,,,,tootsie-scaling-1536-350a3a
8899,2.7124180793762207,,,,tootsie-scaling-1536-350a3a
8925,2.722790002822876,,,,tootsie-scaling-1536-350a3a
8934,2.7084600925445557,,,,tootsie-scaling-1536-350a3a
8940,2.6919591426849365,,,,tootsie-scaling-1536-350a3a
8976,2.6691927909851074,,,,tootsie-scaling-1536-350a3a
8980,2.7434444427490234,,,,tootsie-scaling-1536-350a3a
9044,2.673489809036255,,,,tootsie-scaling-1536-350a3a
9050,2.7038018703460693,,,,tootsie-scaling-1536-350a3a
9065,2.6840569972991943,,,,tootsie-scaling-1536-350a3a
9088,2.675947427749634,,,,tootsie-scaling-1536-350a3a
9102,2.690340995788574,,,,tootsie-scaling-1536-350a3a
9155,2.6610114574432373,,,,tootsie-scaling-1536-350a3a
9160,2.657756805419922,,,,tootsie-scaling-1536-350a3a
9182,2.6785764694213867,,,,tootsie-scaling-1536-350a3a
9281,2.6480672359466553,,,,tootsie-scaling-1536-350a3a
9330,2.6888246536254883,,,,tootsie-scaling-1536-350a3a
9333,2.6612565517425537,,,,tootsie-scaling-1536-350a3a
9365,2.6516637802124023,,,,tootsie-scaling-1536-350a3a
9381,2.647387742996216,,,,tootsie-scaling-1536-350a3a
9429,2.677241086959839,,,,tootsie-scaling-1536-350a3a
9444,2.6523616313934326,,,,tootsie-scaling-1536-350a3a
9530,2.6261990070343018,,,,tootsie-scaling-1536-350a3a
9542,2.635566473007202,,,,tootsie-scaling-1536-350a3a
9585,2.640758991241455,,,,tootsie-scaling-1536-350a3a
9664,2.6414568424224854,,,,tootsie-scaling-1536-350a3a
9673,2.6273858547210693,,,,tootsie-scaling-1536-350a3a
9674,2.632873773574829,,,,tootsie-scaling-1536-350a3a
9702,2.616361379623413,,,,tootsie-scaling-1536-350a3a
9714,2.606327533721924,,,,tootsie-scaling-1536-350a3a
9740,2.6323349475860596,,,,tootsie-scaling-1536-350a3a
9781,2.634847640991211,,,,tootsie-scaling-1536-350a3a
9811,2.6103806495666504,,,,tootsie-scaling-1536-350a3a
9841,2.643909454345703,,,,tootsie-scaling-1536-350a3a
9842,2.6388771533966064,,,,tootsie-scaling-1536-350a3a
9878,2.6236441135406494,,,,tootsie-scaling-1536-350a3a
9898,2.629925489425659,,,,tootsie-scaling-1536-350a3a
9916,2.6288607120513916,,,,tootsie-scaling-1536-350a3a
9923,2.5997307300567627,,,,tootsie-scaling-1536-350a3a
9941,2.6422715187072754,,,,tootsie-scaling-1536-350a3a
10000,,2.990224838256836,2.6390621662139893,2.795278310775757,tootsie-scaling-1536-350a3a
10049,2.670466423034668,,,,tootsie-scaling-1536-350a3a
10071,2.6522512435913086,,,,tootsie-scaling-1536-350a3a
10137,2.7149553298950195,,,,tootsie-scaling-1536-350a3a
10159,2.6758639812469482,,,,tootsie-scaling-1536-350a3a
10202,2.691962242126465,,,,tootsie-scaling-1536-350a3a
10203,2.6985390186309814,,,,tootsie-scaling-1536-350a3a
10256,2.671190023422241,,,,tootsie-scaling-1536-350a3a
10278,2.6922826766967773,,,,tootsie-scaling-1536-350a3a
10282,2.668320894241333,,,,tootsie-scaling-1536-350a3a
10296,2.6746256351470947,,,,tootsie-scaling-1536-350a3a
10303,2.6701271533966064,,,,tootsie-scaling-1536-350a3a
10304,2.703702449798584,,,,tootsie-scaling-1536-350a3a
10340,2.7034707069396973,,,,tootsie-scaling-1536-350a3a
10362,2.6973304748535156,,,,tootsie-scaling-1536-350a3a
10372,2.6623876094818115,,,,tootsie-scaling-1536-350a3a
10382,2.6752195358276367,,,,tootsie-scaling-1536-350a3a
10395,2.6944098472595215,,,,tootsie-scaling-1536-350a3a
10449,2.6773738861083984,,,,tootsie-scaling-1536-350a3a
10491,2.685363531112671,,,,tootsie-scaling-1536-350a3a
10515,2.6787662506103516,,,,tootsie-scaling-1536-350a3a
10526,2.6901838779449463,,,,tootsie-scaling-1536-350a3a
10642,2.668625593185425,,,,tootsie-scaling-1536-350a3a
10653,2.6909170150756836,,,,tootsie-scaling-1536-350a3a
10662,2.697863817214966,,,,tootsie-scaling-1536-350a3a
10667,2.6803879737854004,,,,tootsie-scaling-1536-350a3a
10705,2.680612802505493,,,,tootsie-scaling-1536-350a3a
10776,2.6832168102264404,,,,tootsie-scaling-1536-350a3a
10813,2.680990695953369,,,,tootsie-scaling-1536-350a3a
10817,2.6889536380767822,,,,tootsie-scaling-1536-350a3a
10833,2.7047102451324463,,,,tootsie-scaling-1536-350a3a
10870,2.679508686065674,,,,tootsie-scaling-1536-350a3a
10885,2.6727123260498047,,,,tootsie-scaling-1536-350a3a
10895,2.6861493587493896,,,,tootsie-scaling-1536-350a3a
10926,2.6719367504119873,,,,tootsie-scaling-1536-350a3a
10941,2.6760942935943604,,,,tootsie-scaling-1536-350a3a
11049,2.6909425258636475,,,,tootsie-scaling-1536-350a3a
11058,2.6786341667175293,,,,tootsie-scaling-1536-350a3a
11077,2.6659374237060547,,,,tootsie-scaling-1536-350a3a
11122,2.6673994064331055,,,,tootsie-scaling-1536-350a3a
11139,2.699305772781372,,,,tootsie-scaling-1536-350a3a
11140,2.6859261989593506,,,,tootsie-scaling-1536-350a3a
11146,2.6855034828186035,,,,tootsie-scaling-1536-350a3a
11169,2.6847269535064697,,,,tootsie-scaling-1536-350a3a
11180,2.6913609504699707,,,,tootsie-scaling-1536-350a3a
11205,2.680910348892212,,,,tootsie-scaling-1536-350a3a
11221,2.6786177158355713,,,,tootsie-scaling-1536-350a3a
11244,2.6624860763549805,,,,tootsie-scaling-1536-350a3a
11266,2.7184975147247314,,,,tootsie-scaling-1536-350a3a
11297,2.692181348800659,,,,tootsie-scaling-1536-350a3a
11307,2.690279245376587,,,,tootsie-scaling-1536-350a3a
11321,2.696165084838867,,,,tootsie-scaling-1536-350a3a
11326,2.705138921737671,,,,tootsie-scaling-1536-350a3a
11347,2.706200361251831,,,,tootsie-scaling-1536-350a3a
11368,2.6773247718811035,,,,tootsie-scaling-1536-350a3a
11395,2.692380905151367,,,,tootsie-scaling-1536-350a3a
11400,2.654494047164917,,,,tootsie-scaling-1536-350a3a
11401,2.6974055767059326,,,,tootsie-scaling-1536-350a3a
11407,2.690964937210083,,,,tootsie-scaling-1536-350a3a
11430,2.7196435928344727,,,,tootsie-scaling-1536-350a3a
11464,2.683774709701538,,,,tootsie-scaling-1536-350a3a
11469,2.690002918243408,,,,tootsie-scaling-1536-350a3a
11475,2.690220832824707,,,,tootsie-scaling-1536-350a3a
11489,2.6993844509124756,,,,tootsie-scaling-1536-350a3a
11506,2.6492202281951904,,,,tootsie-scaling-1536-350a3a
11523,2.6897196769714355,,,,tootsie-scaling-1536-350a3a
11529,2.6622674465179443,,,,tootsie-scaling-1536-350a3a
11612,2.6680033206939697,,,,tootsie-scaling-1536-350a3a
11664,2.6808860301971436,,,,tootsie-scaling-1536-350a3a
11684,2.694162130355835,,,,tootsie-scaling-1536-350a3a
11703,2.7148759365081787,,,,tootsie-scaling-1536-350a3a
11716,2.660780906677246,,,,tootsie-scaling-1536-350a3a
11792,2.6437222957611084,,,,tootsie-scaling-1536-350a3a
11802,2.67192006111145,,,,tootsie-scaling-1536-350a3a
11813,2.6860604286193848,,,,tootsie-scaling-1536-350a3a
11828,2.648564577102661,,,,tootsie-scaling-1536-350a3a
11863,2.691697597503662,,,,tootsie-scaling-1536-350a3a
11881,2.676476001739502,,,,tootsie-scaling-1536-350a3a
11952,2.647468090057373,,,,tootsie-scaling-1536-350a3a
12007,2.7066335678100586,,,,tootsie-scaling-1536-350a3a
12047,2.6887576580047607,,,,tootsie-scaling-1536-350a3a
12097,2.6813411712646484,,,,tootsie-scaling-1536-350a3a
12128,2.6888742446899414,,,,tootsie-scaling-1536-350a3a
12147,2.7205095291137695,,,,tootsie-scaling-1536-350a3a
12251,2.6801340579986572,,,,tootsie-scaling-1536-350a3a
12276,2.6505587100982666,,,,tootsie-scaling-1536-350a3a
12291,2.709822177886963,,,,tootsie-scaling-1536-350a3a
12345,2.670619010925293,,,,tootsie-scaling-1536-350a3a
12347,2.6903316974639893,,,,tootsie-scaling-1536-350a3a
12367,2.7101502418518066,,,,tootsie-scaling-1536-350a3a
12377,2.670440912246704,,,,tootsie-scaling-1536-350a3a
12392,2.6946048736572266,,,,tootsie-scaling-1536-350a3a
12457,2.6549530029296875,,,,tootsie-scaling-1536-350a3a
12477,2.687683343887329,,,,tootsie-scaling-1536-350a3a
12540,2.6829967498779297,,,,tootsie-scaling-1536-350a3a
12573,2.6536595821380615,,,,tootsie-scaling-1536-350a3a
12658,2.670903205871582,,,,tootsie-scaling-1536-350a3a
12660,2.6691040992736816,,,,tootsie-scaling-1536-350a3a
12683,2.656973123550415,,,,tootsie-scaling-1536-350a3a
12792,2.662778615951538,,,,tootsie-scaling-1536-350a3a
12805,2.678642511367798,,,,tootsie-scaling-1536-350a3a
12827,2.662827730178833,,,,tootsie-scaling-1536-350a3a
12836,2.6697514057159424,,,,tootsie-scaling-1536-350a3a
12873,2.674572229385376,,,,tootsie-scaling-1536-350a3a
12876,2.6667935848236084,,,,tootsie-scaling-1536-350a3a
12893,2.6661298274993896,,,,tootsie-scaling-1536-350a3a
12894,2.679295063018799,,,,tootsie-scaling-1536-350a3a
12922,2.687528133392334,,,,tootsie-scaling-1536-350a3a
12963,2.6886839866638184,,,,tootsie-scaling-1536-350a3a
12984,2.6587164402008057,,,,tootsie-scaling-1536-350a3a
12990,2.654902458190918,,,,tootsie-scaling-1536-350a3a
12999,2.6748242378234863,,,,tootsie-scaling-1536-350a3a
13020,2.655125141143799,,,,tootsie-scaling-1536-350a3a
13021,2.648042678833008,,,,tootsie-scaling-1536-350a3a
13024,2.682788372039795,,,,tootsie-scaling-1536-350a3a
13041,2.655787706375122,,,,tootsie-scaling-1536-350a3a
13099,2.64591121673584,,,,tootsie-scaling-1536-350a3a
13231,2.6567747592926025,,,,tootsie-scaling-1536-350a3a
13241,2.688370704650879,,,,tootsie-scaling-1536-350a3a
13243,2.6747934818267822,,,,tootsie-scaling-1536-350a3a
13247,2.6750802993774414,,,,tootsie-scaling-1536-350a3a
13353,2.6630425453186035,,,,tootsie-scaling-1536-350a3a
13358,2.6817026138305664,,,,tootsie-scaling-1536-350a3a
13410,2.6762869358062744,,,,tootsie-scaling-1536-350a3a
13466,2.681745767593384,,,,tootsie-scaling-1536-350a3a
13595,2.670048236846924,,,,tootsie-scaling-1536-350a3a
13620,2.657890796661377,,,,tootsie-scaling-1536-350a3a
13635,2.67602276802063,,,,tootsie-scaling-1536-350a3a
13697,2.6685826778411865,,,,tootsie-scaling-1536-350a3a
13706,2.631913661956787,,,,tootsie-scaling-1536-350a3a
13790,2.6479687690734863,,,,tootsie-scaling-1536-350a3a
13840,2.6569290161132812,,,,tootsie-scaling-1536-350a3a
13884,2.6513094902038574,,,,tootsie-scaling-1536-350a3a
13957,2.6552064418792725,,,,tootsie-scaling-1536-350a3a
13994,2.6529645919799805,,,,tootsie-scaling-1536-350a3a
14007,2.6856067180633545,,,,tootsie-scaling-1536-350a3a
14013,2.64138126373291,,,,tootsie-scaling-1536-350a3a
14026,2.6584978103637695,,,,tootsie-scaling-1536-350a3a
14043,2.650404691696167,,,,tootsie-scaling-1536-350a3a
14047,2.6660830974578857,,,,tootsie-scaling-1536-350a3a
14068,2.665029764175415,,,,tootsie-scaling-1536-350a3a
14088,2.643780469894409,,,,tootsie-scaling-1536-350a3a
14091,2.6476712226867676,,,,tootsie-scaling-1536-350a3a
14104,2.660438060760498,,,,tootsie-scaling-1536-350a3a
14130,2.6539649963378906,,,,tootsie-scaling-1536-350a3a
14154,2.632490873336792,,,,tootsie-scaling-1536-350a3a
14155,2.6583831310272217,,,,tootsie-scaling-1536-350a3a
14166,2.6649675369262695,,,,tootsie-scaling-1536-350a3a
14179,2.6781973838806152,,,,tootsie-scaling-1536-350a3a
14196,2.6600522994995117,,,,tootsie-scaling-1536-350a3a
14250,2.6453914642333984,,,,tootsie-scaling-1536-350a3a
14259,2.653782844543457,,,,tootsie-scaling-1536-350a3a
14267,2.6575520038604736,,,,tootsie-scaling-1536-350a3a
14328,2.6678032875061035,,,,tootsie-scaling-1536-350a3a
14332,2.6733386516571045,,,,tootsie-scaling-1536-350a3a
14408,2.688826084136963,,,,tootsie-scaling-1536-350a3a
14416,2.6613736152648926,,,,tootsie-scaling-1536-350a3a
14430,2.654536724090576,,,,tootsie-scaling-1536-350a3a
14495,2.6696231365203857,,,,tootsie-scaling-1536-350a3a
14505,2.6538186073303223,,,,tootsie-scaling-1536-350a3a
14516,2.660632610321045,,,,tootsie-scaling-1536-350a3a
14519,2.657597541809082,,,,tootsie-scaling-1536-350a3a
14670,2.6108617782592773,,,,tootsie-scaling-1536-350a3a
14682,2.6485798358917236,,,,tootsie-scaling-1536-350a3a
14690,2.653902053833008,,,,tootsie-scaling-1536-350a3a
14713,2.650789976119995,,,,tootsie-scaling-1536-350a3a
14755,2.6494596004486084,,,,tootsie-scaling-1536-350a3a
14782,2.674527645111084,,,,tootsie-scaling-1536-350a3a
14816,2.6215827465057373,,,,tootsie-scaling-1536-350a3a
14851,2.6204023361206055,,,,tootsie-scaling-1536-350a3a
14869,2.643425941467285,,,,tootsie-scaling-1536-350a3a
14927,2.6452932357788086,,,,tootsie-scaling-1536-350a3a
14954,2.6519970893859863,,,,tootsie-scaling-1536-350a3a
15018,2.6496644020080566,,,,tootsie-scaling-1536-350a3a
15070,2.647948980331421,,,,tootsie-scaling-1536-350a3a
15192,2.647390842437744,,,,tootsie-scaling-1536-350a3a
15250,2.6797685623168945,,,,tootsie-scaling-1536-350a3a
15304,2.6254489421844482,,,,tootsie-scaling-1536-350a3a
15323,2.6173832416534424,,,,tootsie-scaling-1536-350a3a
15366,2.687560796737671,,,,tootsie-scaling-1536-350a3a
15369,2.646275281906128,,,,tootsie-scaling-1536-350a3a
15387,2.6842827796936035,,,,tootsie-scaling-1536-350a3a
15442,2.639180898666382,,,,tootsie-scaling-1536-350a3a
15445,2.6459898948669434,,,,tootsie-scaling-1536-350a3a
15469,2.649012565612793,,,,tootsie-scaling-1536-350a3a
15530,2.6397507190704346,,,,tootsie-scaling-1536-350a3a
15569,2.679641008377075,,,,tootsie-scaling-1536-350a3a
15637,2.657006025314331,,,,tootsie-scaling-1536-350a3a
15695,2.6507530212402344,,,,tootsie-scaling-1536-350a3a
15713,2.648637056350708,,,,tootsie-scaling-1536-350a3a
15776,2.6515350341796875,,,,tootsie-scaling-1536-350a3a
15824,2.6564762592315674,,,,tootsie-scaling-1536-350a3a
15829,2.6576662063598633,,,,tootsie-scaling-1536-350a3a
15835,2.656602144241333,,,,tootsie-scaling-1536-350a3a
15840,2.611074447631836,,,,tootsie-scaling-1536-350a3a
15852,2.6511964797973633,,,,tootsie-scaling-1536-350a3a
15907,2.634079694747925,,,,tootsie-scaling-1536-350a3a
15928,2.6328999996185303,,,,tootsie-scaling-1536-350a3a
15941,2.647160291671753,,,,tootsie-scaling-1536-350a3a
15990,2.6412250995635986,,,,tootsie-scaling-1536-350a3a
16044,2.656461477279663,,,,tootsie-scaling-1536-350a3a
16150,2.6036126613616943,,,,tootsie-scaling-1536-350a3a
16193,2.635213851928711,,,,tootsie-scaling-1536-350a3a
16211,2.658808946609497,,,,tootsie-scaling-1536-350a3a
16245,2.6448044776916504,,,,tootsie-scaling-1536-350a3a
16288,2.650373697280884,,,,tootsie-scaling-1536-350a3a
16359,2.6754541397094727,,,,tootsie-scaling-1536-350a3a
16364,2.632932186126709,,,,tootsie-scaling-1536-350a3a
16463,2.606889009475708,,,,tootsie-scaling-1536-350a3a
16468,2.623304605484009,,,,tootsie-scaling-1536-350a3a
16491,2.633397340774536,,,,tootsie-scaling-1536-350a3a
16522,2.665456771850586,,,,tootsie-scaling-1536-350a3a
16554,2.6350977420806885,,,,tootsie-scaling-1536-350a3a
16601,2.636117696762085,,,,tootsie-scaling-1536-350a3a
16622,2.6303646564483643,,,,tootsie-scaling-1536-350a3a
16627,2.6372408866882324,,,,tootsie-scaling-1536-350a3a
16706,2.6300315856933594,,,,tootsie-scaling-1536-350a3a
16722,2.6494438648223877,,,,tootsie-scaling-1536-350a3a
16740,2.628150224685669,,,,tootsie-scaling-1536-350a3a
16766,2.6862223148345947,,,,tootsie-scaling-1536-350a3a
16852,2.6290202140808105,,,,tootsie-scaling-1536-350a3a
16857,2.635563611984253,,,,tootsie-scaling-1536-350a3a
16916,2.6174275875091553,,,,tootsie-scaling-1536-350a3a
16935,2.650214672088623,,,,tootsie-scaling-1536-350a3a
16937,2.618497371673584,,,,tootsie-scaling-1536-350a3a
16962,2.638124465942383,,,,tootsie-scaling-1536-350a3a
17028,2.652880907058716,,,,tootsie-scaling-1536-350a3a
17062,2.6475045680999756,,,,tootsie-scaling-1536-350a3a
17120,2.616058111190796,,,,tootsie-scaling-1536-350a3a
17137,2.6700522899627686,,,,tootsie-scaling-1536-350a3a
17195,2.6395316123962402,,,,tootsie-scaling-1536-350a3a
17207,2.6386148929595947,,,,tootsie-scaling-1536-350a3a
17228,2.639442205429077,,,,tootsie-scaling-1536-350a3a
17257,2.6258010864257812,,,,tootsie-scaling-1536-350a3a
17287,2.6325013637542725,,,,tootsie-scaling-1536-350a3a
17399,2.641780138015747,,,,tootsie-scaling-1536-350a3a
17423,2.630833387374878,,,,tootsie-scaling-1536-350a3a
17447,2.6370513439178467,,,,tootsie-scaling-1536-350a3a
17506,2.635617256164551,,,,tootsie-scaling-1536-350a3a
17552,2.647855758666992,,,,tootsie-scaling-1536-350a3a
17602,2.6066131591796875,,,,tootsie-scaling-1536-350a3a
17678,2.6392979621887207,,,,tootsie-scaling-1536-350a3a
17732,2.634549856185913,,,,tootsie-scaling-1536-350a3a
17738,2.633286237716675,,,,tootsie-scaling-1536-350a3a
17743,2.6210358142852783,,,,tootsie-scaling-1536-350a3a
17745,2.6137633323669434,,,,tootsie-scaling-1536-350a3a
17748,2.626115322113037,,,,tootsie-scaling-1536-350a3a
17795,2.6435537338256836,,,,tootsie-scaling-1536-350a3a
17799,2.623826265335083,,,,tootsie-scaling-1536-350a3a
17850,2.6476149559020996,,,,tootsie-scaling-1536-350a3a
17866,2.6215453147888184,,,,tootsie-scaling-1536-350a3a
17872,2.6343493461608887,,,,tootsie-scaling-1536-350a3a
17879,2.639857292175293,,,,tootsie-scaling-1536-350a3a
17936,2.640286445617676,,,,tootsie-scaling-1536-350a3a
17988,2.6319117546081543,,,,tootsie-scaling-1536-350a3a
17999,2.639834403991699,,,,tootsie-scaling-1536-350a3a
18014,2.647291660308838,,,,tootsie-scaling-1536-350a3a
18018,2.6258983612060547,,,,tootsie-scaling-1536-350a3a
18062,2.62455415725708,,,,tootsie-scaling-1536-350a3a
18067,2.6230485439300537,,,,tootsie-scaling-1536-350a3a
18074,2.632223129272461,,,,tootsie-scaling-1536-350a3a
18106,2.651609420776367,,,,tootsie-scaling-1536-350a3a
18153,2.6344096660614014,,,,tootsie-scaling-1536-350a3a
18232,2.6512484550476074,,,,tootsie-scaling-1536-350a3a
18249,2.6499345302581787,,,,tootsie-scaling-1536-350a3a
18283,2.6232664585113525,,,,tootsie-scaling-1536-350a3a
18285,2.625977039337158,,,,tootsie-scaling-1536-350a3a
18317,2.641744613647461,,,,tootsie-scaling-1536-350a3a
18343,2.630560874938965,,,,tootsie-scaling-1536-350a3a
18447,2.6338930130004883,,,,tootsie-scaling-1536-350a3a
18532,2.6169333457946777,,,,tootsie-scaling-1536-350a3a
18582,2.6208248138427734,,,,tootsie-scaling-1536-350a3a
18597,2.6570098400115967,,,,tootsie-scaling-1536-350a3a
18642,2.6314198970794678,,,,tootsie-scaling-1536-350a3a
18699,2.632333278656006,,,,tootsie-scaling-1536-350a3a
18718,2.63309383392334,,,,tootsie-scaling-1536-350a3a
18733,2.597500801086426,,,,tootsie-scaling-1536-350a3a
18777,2.6242129802703857,,,,tootsie-scaling-1536-350a3a
18808,2.6320652961730957,,,,tootsie-scaling-1536-350a3a
18814,2.662360668182373,,,,tootsie-scaling-1536-350a3a
18860,2.6385557651519775,,,,tootsie-scaling-1536-350a3a
18881,2.6421236991882324,,,,tootsie-scaling-1536-350a3a
18920,2.6521170139312744,,,,tootsie-scaling-1536-350a3a
18921,2.6284406185150146,,,,tootsie-scaling-1536-350a3a
19043,2.609011650085449,,,,tootsie-scaling-1536-350a3a
19096,2.5893771648406982,,,,tootsie-scaling-1536-350a3a
19137,2.5750129222869873,,,,tootsie-scaling-1536-350a3a
19182,2.6102521419525146,,,,tootsie-scaling-1536-350a3a
19195,2.5792524814605713,,,,tootsie-scaling-1536-350a3a
19201,2.607774257659912,,,,tootsie-scaling-1536-350a3a
19245,2.5900700092315674,,,,tootsie-scaling-1536-350a3a
19251,2.5792136192321777,,,,tootsie-scaling-1536-350a3a
19253,2.592636823654175,,,,tootsie-scaling-1536-350a3a
19302,2.580880880355835,,,,tootsie-scaling-1536-350a3a
19367,2.57177734375,,,,tootsie-scaling-1536-350a3a
19389,2.5663912296295166,,,,tootsie-scaling-1536-350a3a
19397,2.5430147647857666,,,,tootsie-scaling-1536-350a3a
19433,2.539815664291382,,,,tootsie-scaling-1536-350a3a
19442,2.5575063228607178,,,,tootsie-scaling-1536-350a3a
19615,2.5763535499572754,,,,tootsie-scaling-1536-350a3a
19636,2.556436061859131,,,,tootsie-scaling-1536-350a3a
19638,2.54966139793396,,,,tootsie-scaling-1536-350a3a
19677,2.5942041873931885,,,,tootsie-scaling-1536-350a3a
19723,2.5470774173736572,,,,tootsie-scaling-1536-350a3a
19800,2.5735137462615967,,,,tootsie-scaling-1536-350a3a
19845,2.5728132724761963,,,,tootsie-scaling-1536-350a3a
19880,2.560765266418457,,,,tootsie-scaling-1536-350a3a
19924,2.5731210708618164,,,,tootsie-scaling-1536-350a3a
19989,2.563121795654297,,,,tootsie-scaling-1536-350a3a
20000,,2.9270501136779785,2.5705699920654297,2.7355594635009766,tootsie-scaling-1536-350a3a
20074,2.6235969066619873,,,,tootsie-scaling-1536-350a3a
20093,2.6189968585968018,,,,tootsie-scaling-1536-350a3a
20107,2.644545555114746,,,,tootsie-scaling-1536-350a3a
20201,2.62101149559021,,,,tootsie-scaling-1536-350a3a
20208,2.6201047897338867,,,,tootsie-scaling-1536-350a3a
20227,2.6144700050354004,,,,tootsie-scaling-1536-350a3a
20250,2.620002508163452,,,,tootsie-scaling-1536-350a3a
20267,2.6120052337646484,,,,tootsie-scaling-1536-350a3a
20269,2.622028112411499,,,,tootsie-scaling-1536-350a3a
20333,2.6207659244537354,,,,tootsie-scaling-1536-350a3a
20342,2.6044046878814697,,,,tootsie-scaling-1536-350a3a
20344,2.6274831295013428,,,,tootsie-scaling-1536-350a3a
20345,2.6196320056915283,,,,tootsie-scaling-1536-350a3a
20350,2.60270357131958,,,,tootsie-scaling-1536-350a3a
20353,2.6415977478027344,,,,tootsie-scaling-1536-350a3a
20461,2.6303210258483887,,,,tootsie-scaling-1536-350a3a
20487,2.618607521057129,,,,tootsie-scaling-1536-350a3a
20493,2.6148343086242676,,,,tootsie-scaling-1536-350a3a
20534,2.621051549911499,,,,tootsie-scaling-1536-350a3a
20540,2.635603666305542,,,,tootsie-scaling-1536-350a3a
20686,2.616306781768799,,,,tootsie-scaling-1536-350a3a
20704,2.593235969543457,,,,tootsie-scaling-1536-350a3a
20723,2.6684203147888184,,,,tootsie-scaling-1536-350a3a
20743,2.6211366653442383,,,,tootsie-scaling-1536-350a3a
20778,2.643380880355835,,,,tootsie-scaling-1536-350a3a
20799,2.5629031658172607,,,,tootsie-scaling-1536-350a3a
20843,2.6089162826538086,,,,tootsie-scaling-1536-350a3a
20869,2.6430859565734863,,,,tootsie-scaling-1536-350a3a
20874,2.6409897804260254,,,,tootsie-scaling-1536-350a3a
20882,2.647869110107422,,,,tootsie-scaling-1536-350a3a
20912,2.599623680114746,,,,tootsie-scaling-1536-350a3a
20942,2.606093168258667,,,,tootsie-scaling-1536-350a3a
20977,2.596992254257202,,,,tootsie-scaling-1536-350a3a
20989,2.6242575645446777,,,,tootsie-scaling-1536-350a3a
21040,2.62386155128479,,,,tootsie-scaling-1536-350a3a
21091,2.6290061473846436,,,,tootsie-scaling-1536-350a3a
21092,2.6003408432006836,,,,tootsie-scaling-1536-350a3a
21097,2.631387948989868,,,,tootsie-scaling-1536-350a3a
21132,2.6470398902893066,,,,tootsie-scaling-1536-350a3a
21165,2.636551856994629,,,,tootsie-scaling-1536-350a3a
21201,2.6448309421539307,,,,tootsie-scaling-1536-350a3a
21243,2.6108434200286865,,,,tootsie-scaling-1536-350a3a
21249,2.6254076957702637,,,,tootsie-scaling-1536-350a3a
21297,2.6041667461395264,,,,tootsie-scaling-1536-350a3a
21318,2.6379268169403076,,,,tootsie-scaling-1536-350a3a
21385,2.670314073562622,,,,tootsie-scaling-1536-350a3a
21433,2.604119062423706,,,,tootsie-scaling-1536-350a3a
21447,2.633448362350464,,,,tootsie-scaling-1536-350a3a
21469,2.604525089263916,,,,tootsie-scaling-1536-350a3a
21621,2.618051052093506,,,,tootsie-scaling-1536-350a3a
21633,2.598670244216919,,,,tootsie-scaling-1536-350a3a
21659,2.595217227935791,,,,tootsie-scaling-1536-350a3a
21665,2.6298305988311768,,,,tootsie-scaling-1536-350a3a
21698,2.6326375007629395,,,,tootsie-scaling-1536-350a3a
21851,2.619882345199585,,,,tootsie-scaling-1536-350a3a
21882,2.617396593093872,,,,tootsie-scaling-1536-350a3a
21950,2.6346230506896973,,,,tootsie-scaling-1536-350a3a
21953,2.6386516094207764,,,,tootsie-scaling-1536-350a3a
22012,2.647383451461792,,,,tootsie-scaling-1536-350a3a
22219,2.6311590671539307,,,,tootsie-scaling-1536-350a3a
22254,2.611565589904785,,,,tootsie-scaling-1536-350a3a
22300,2.631514072418213,,,,tootsie-scaling-1536-350a3a
22346,2.6242971420288086,,,,tootsie-scaling-1536-350a3a
22395,2.5905137062072754,,,,tootsie-scaling-1536-350a3a
22403,2.6023426055908203,,,,tootsie-scaling-1536-350a3a
22432,2.6175343990325928,,,,tootsie-scaling-1536-350a3a
22475,2.5950655937194824,,,,tootsie-scaling-1536-350a3a
22485,2.6163971424102783,,,,tootsie-scaling-1536-350a3a
22527,2.617882013320923,,,,tootsie-scaling-1536-350a3a
22528,2.629180669784546,,,,tootsie-scaling-1536-350a3a
22555,2.6382694244384766,,,,tootsie-scaling-1536-350a3a
22574,2.621485948562622,,,,tootsie-scaling-1536-350a3a
22639,2.6242151260375977,,,,tootsie-scaling-1536-350a3a
22698,2.63388729095459,,,,tootsie-scaling-1536-350a3a
22732,2.6021881103515625,,,,tootsie-scaling-1536-350a3a
22733,2.630080461502075,,,,tootsie-scaling-1536-350a3a
22744,2.6304991245269775,,,,tootsie-scaling-1536-350a3a
22767,2.6153249740600586,,,,tootsie-scaling-1536-350a3a
22841,2.619312047958374,,,,tootsie-scaling-1536-350a3a
22857,2.5975844860076904,,,,tootsie-scaling-1536-350a3a
22916,2.6132466793060303,,,,tootsie-scaling-1536-350a3a
22969,2.608077049255371,,,,tootsie-scaling-1536-350a3a
22984,2.613058567047119,,,,tootsie-scaling-1536-350a3a
23006,2.56656813621521,,,,tootsie-scaling-1536-350a3a
23016,2.596064329147339,,,,tootsie-scaling-1536-350a3a
23033,2.642240285873413,,,,tootsie-scaling-1536-350a3a
23048,2.611687660217285,,,,tootsie-scaling-1536-350a3a
23103,2.5836997032165527,,,,tootsie-scaling-1536-350a3a
23124,2.6336653232574463,,,,tootsie-scaling-1536-350a3a
23127,2.614043951034546,,,,tootsie-scaling-1536-350a3a
23258,2.5989022254943848,,,,tootsie-scaling-1536-350a3a
23340,2.643498420715332,,,,tootsie-scaling-1536-350a3a
23345,2.614062547683716,,,,tootsie-scaling-1536-350a3a
23380,2.6396830081939697,,,,tootsie-scaling-1536-350a3a
23387,2.591099500656128,,,,tootsie-scaling-1536-350a3a
23388,2.591559886932373,,,,tootsie-scaling-1536-350a3a
23450,2.618797540664673,,,,tootsie-scaling-1536-350a3a
23454,2.611628293991089,,,,tootsie-scaling-1536-350a3a
23468,2.610408067703247,,,,tootsie-scaling-1536-350a3a
23547,2.637824058532715,,,,tootsie-scaling-1536-350a3a
23567,2.597696542739868,,,,tootsie-scaling-1536-350a3a
23584,2.6090989112854004,,,,tootsie-scaling-1536-350a3a
23657,2.61177659034729,,,,tootsie-scaling-1536-350a3a
23678,2.6224918365478516,,,,tootsie-scaling-1536-350a3a
23721,2.625875473022461,,,,tootsie-scaling-1536-350a3a
23763,2.640035629272461,,,,tootsie-scaling-1536-350a3a
23770,2.6112735271453857,,,,tootsie-scaling-1536-350a3a
23807,2.6459126472473145,,,,tootsie-scaling-1536-350a3a
23863,2.6287412643432617,,,,tootsie-scaling-1536-350a3a
23883,2.592597723007202,,,,tootsie-scaling-1536-350a3a
23901,2.5903756618499756,,,,tootsie-scaling-1536-350a3a
23922,2.5856032371520996,,,,tootsie-scaling-1536-350a3a
23968,2.6195363998413086,,,,tootsie-scaling-1536-350a3a
23974,2.617497682571411,,,,tootsie-scaling-1536-350a3a
23998,2.6022682189941406,,,,tootsie-scaling-1536-350a3a
24028,2.630920171737671,,,,tootsie-scaling-1536-350a3a
24048,2.6137452125549316,,,,tootsie-scaling-1536-350a3a
24076,2.628777027130127,,,,tootsie-scaling-1536-350a3a
24099,2.6194827556610107,,,,tootsie-scaling-1536-350a3a
24116,2.6082658767700195,,,,tootsie-scaling-1536-350a3a
24141,2.609708547592163,,,,tootsie-scaling-1536-350a3a
24208,2.606680154800415,,,,tootsie-scaling-1536-350a3a
24295,2.615288257598877,,,,tootsie-scaling-1536-350a3a
24302,2.5834546089172363,,,,tootsie-scaling-1536-350a3a
24401,2.617574453353882,,,,tootsie-scaling-1536-350a3a
24405,2.6014046669006348,,,,tootsie-scaling-1536-350a3a
24409,2.6041629314422607,,,,tootsie-scaling-1536-350a3a
24410,2.6008992195129395,,,,tootsie-scaling-1536-350a3a
24418,2.5807199478149414,,,,tootsie-scaling-1536-350a3a
24450,2.6107254028320312,,,,tootsie-scaling-1536-350a3a
24452,2.618608236312866,,,,tootsie-scaling-1536-350a3a
24467,2.628911256790161,,,,tootsie-scaling-1536-350a3a
24529,2.6435787677764893,,,,tootsie-scaling-1536-350a3a
24533,2.6237611770629883,,,,tootsie-scaling-1536-350a3a
24681,2.5897130966186523,,,,tootsie-scaling-1536-350a3a
24788,2.6208579540252686,,,,tootsie-scaling-1536-350a3a
24848,2.619892120361328,,,,tootsie-scaling-1536-350a3a
24870,2.6139562129974365,,,,tootsie-scaling-1536-350a3a
24874,2.6323368549346924,,,,tootsie-scaling-1536-350a3a
24916,2.6121392250061035,,,,tootsie-scaling-1536-350a3a
24945,2.6185951232910156,,,,tootsie-scaling-1536-350a3a
25074,2.613286018371582,,,,tootsie-scaling-1536-350a3a
25133,2.58899188041687,,,,tootsie-scaling-1536-350a3a
25191,2.5855982303619385,,,,tootsie-scaling-1536-350a3a
25224,2.608135223388672,,,,tootsie-scaling-1536-350a3a
25236,2.6086764335632324,,,,tootsie-scaling-1536-350a3a
25324,2.616497039794922,,,,tootsie-scaling-1536-350a3a
25359,2.5979864597320557,,,,tootsie-scaling-1536-350a3a
25364,2.611166477203369,,,,tootsie-scaling-1536-350a3a
25383,2.5832509994506836,,,,tootsie-scaling-1536-350a3a
25433,2.605613946914673,,,,tootsie-scaling-1536-350a3a
25467,2.6012773513793945,,,,tootsie-scaling-1536-350a3a
25546,2.624748706817627,,,,tootsie-scaling-1536-350a3a
25566,2.6130480766296387,,,,tootsie-scaling-1536-350a3a
25585,2.610018491744995,,,,tootsie-scaling-1536-350a3a
25652,2.611161708831787,,,,tootsie-scaling-1536-350a3a
25671,2.5956456661224365,,,,tootsie-scaling-1536-350a3a
25683,2.615499258041382,,,,tootsie-scaling-1536-350a3a
25733,2.617812395095825,,,,tootsie-scaling-1536-350a3a
25765,2.6254613399505615,,,,tootsie-scaling-1536-350a3a
25781,2.630072593688965,,,,tootsie-scaling-1536-350a3a
25794,2.599611520767212,,,,tootsie-scaling-1536-350a3a
25814,2.5871739387512207,,,,tootsie-scaling-1536-350a3a
25851,2.597689151763916,,,,tootsie-scaling-1536-350a3a
26012,2.60284423828125,,,,tootsie-scaling-1536-350a3a
26045,2.6348540782928467,,,,tootsie-scaling-1536-350a3a
26060,2.6376466751098633,,,,tootsie-scaling-1536-350a3a
26104,2.625450849533081,,,,tootsie-scaling-1536-350a3a
26138,2.6410796642303467,,,,tootsie-scaling-1536-350a3a
26141,2.6011953353881836,,,,tootsie-scaling-1536-350a3a
26217,2.6069579124450684,,,,tootsie-scaling-1536-350a3a
26227,2.5793657302856445,,,,tootsie-scaling-1536-350a3a
26248,2.613988161087036,,,,tootsie-scaling-1536-350a3a
26254,2.5913822650909424,,,,tootsie-scaling-1536-350a3a
26256,2.5691139698028564,,,,tootsie-scaling-1536-350a3a
26284,2.5809760093688965,,,,tootsie-scaling-1536-350a3a
26389,2.6225852966308594,,,,tootsie-scaling-1536-350a3a
26410,2.622086763381958,,,,tootsie-scaling-1536-350a3a
26443,2.591472864151001,,,,tootsie-scaling-1536-350a3a
26481,2.6045665740966797,,,,tootsie-scaling-1536-350a3a
26555,2.572441577911377,,,,tootsie-scaling-1536-350a3a
26566,2.598139762878418,,,,tootsie-scaling-1536-350a3a
26619,2.60591197013855,,,,tootsie-scaling-1536-350a3a
26647,2.5717320442199707,,,,tootsie-scaling-1536-350a3a
26711,2.589132785797119,,,,tootsie-scaling-1536-350a3a
26740,2.5984647274017334,,,,tootsie-scaling-1536-350a3a
26745,2.6062357425689697,,,,tootsie-scaling-1536-350a3a
26748,2.5975778102874756,,,,tootsie-scaling-1536-350a3a
26835,2.602895498275757,,,,tootsie-scaling-1536-350a3a
26845,2.6013314723968506,,,,tootsie-scaling-1536-350a3a
26851,2.605489730834961,,,,tootsie-scaling-1536-350a3a
26857,2.586834669113159,,,,tootsie-scaling-1536-350a3a
26862,2.61128306388855,,,,tootsie-scaling-1536-350a3a
26866,2.603463888168335,,,,tootsie-scaling-1536-350a3a
26873,2.5952117443084717,,,,tootsie-scaling-1536-350a3a
26903,2.6006710529327393,,,,tootsie-scaling-1536-350a3a
26920,2.5929007530212402,,,,tootsie-scaling-1536-350a3a
26924,2.640260934829712,,,,tootsie-scaling-1536-350a3a
26954,2.6427342891693115,,,,tootsie-scaling-1536-350a3a
27017,2.6084165573120117,,,,tootsie-scaling-1536-350a3a
27033,2.5925509929656982,,,,tootsie-scaling-1536-350a3a
27064,2.6161351203918457,,,,tootsie-scaling-1536-350a3a
27083,2.5745344161987305,,,,tootsie-scaling-1536-350a3a
27103,2.6211230754852295,,,,tootsie-scaling-1536-350a3a
27107,2.617999792098999,,,,tootsie-scaling-1536-350a3a
27120,2.6194708347320557,,,,tootsie-scaling-1536-350a3a
27141,2.607866048812866,,,,tootsie-scaling-1536-350a3a
27160,2.610764741897583,,,,tootsie-scaling-1536-350a3a
27185,2.6006646156311035,,,,tootsie-scaling-1536-350a3a
27217,2.626509666442871,,,,tootsie-scaling-1536-350a3a
27239,2.6336841583251953,,,,tootsie-scaling-1536-350a3a
27356,2.597038745880127,,,,tootsie-scaling-1536-350a3a
27387,2.5931501388549805,,,,tootsie-scaling-1536-350a3a
27468,2.5962507724761963,,,,tootsie-scaling-1536-350a3a
27501,2.586845874786377,,,,tootsie-scaling-1536-350a3a
27558,2.598050355911255,,,,tootsie-scaling-1536-350a3a
27599,2.6216537952423096,,,,tootsie-scaling-1536-350a3a
27602,2.5979137420654297,,,,tootsie-scaling-1536-350a3a
27672,2.578925848007202,,,,tootsie-scaling-1536-350a3a
27690,2.5957415103912354,,,,tootsie-scaling-1536-350a3a
27743,2.5979385375976562,,,,tootsie-scaling-1536-350a3a
27820,2.6142919063568115,,,,tootsie-scaling-1536-350a3a
27893,2.6101348400115967,,,,tootsie-scaling-1536-350a3a
27895,2.6151273250579834,,,,tootsie-scaling-1536-350a3a
27908,2.6150782108306885,,,,tootsie-scaling-1536-350a3a
27921,2.606543779373169,,,,tootsie-scaling-1536-350a3a
28033,2.5947084426879883,,,,tootsie-scaling-1536-350a3a
28048,2.6170296669006348,,,,tootsie-scaling-1536-350a3a
28057,2.611316204071045,,,,tootsie-scaling-1536-350a3a
28085,2.591287612915039,,,,tootsie-scaling-1536-350a3a
28130,2.615124464035034,,,,tootsie-scaling-1536-350a3a
28144,2.5734047889709473,,,,tootsie-scaling-1536-350a3a
28188,2.5759034156799316,,,,tootsie-scaling-1536-350a3a
28239,2.6130683422088623,,,,tootsie-scaling-1536-350a3a
28255,2.6006412506103516,,,,tootsie-scaling-1536-350a3a
28275,2.59731388092041,,,,tootsie-scaling-1536-350a3a
28395,2.618803024291992,,,,tootsie-scaling-1536-350a3a
28403,2.5793845653533936,,,,tootsie-scaling-1536-350a3a
28438,2.625044584274292,,,,tootsie-scaling-1536-350a3a
28439,2.600820779800415,,,,tootsie-scaling-1536-350a3a
28442,2.600054979324341,,,,tootsie-scaling-1536-350a3a
28449,2.594280481338501,,,,tootsie-scaling-1536-350a3a
28469,2.607675313949585,,,,tootsie-scaling-1536-350a3a
28522,2.619335412979126,,,,tootsie-scaling-1536-350a3a
28549,2.578669548034668,,,,tootsie-scaling-1536-350a3a
28580,2.6153793334960938,,,,tootsie-scaling-1536-350a3a
28589,2.5826051235198975,,,,tootsie-scaling-1536-350a3a
28610,2.6037533283233643,,,,tootsie-scaling-1536-350a3a
28711,2.5838046073913574,,,,tootsie-scaling-1536-350a3a
28719,2.600177526473999,,,,tootsie-scaling-1536-350a3a
28732,2.5638279914855957,,,,tootsie-scaling-1536-350a3a
28785,2.5918872356414795,,,,tootsie-scaling-1536-350a3a
28839,2.5798795223236084,,,,tootsie-scaling-1536-350a3a
28857,2.5869903564453125,,,,tootsie-scaling-1536-350a3a
28867,2.6111764907836914,,,,tootsie-scaling-1536-350a3a
28896,2.584195852279663,,,,tootsie-scaling-1536-350a3a
28898,2.6025307178497314,,,,tootsie-scaling-1536-350a3a
28901,2.596889019012451,,,,tootsie-scaling-1536-350a3a
29004,2.5868043899536133,,,,tootsie-scaling-1536-350a3a
29150,2.577204465866089,,,,tootsie-scaling-1536-350a3a
29171,2.5208842754364014,,,,tootsie-scaling-1536-350a3a
29191,2.540827751159668,,,,tootsie-scaling-1536-350a3a
29236,2.5540151596069336,,,,tootsie-scaling-1536-350a3a
29247,2.550745725631714,,,,tootsie-scaling-1536-350a3a
29261,2.5630557537078857,,,,tootsie-scaling-1536-350a3a
29378,2.531869411468506,,,,tootsie-scaling-1536-350a3a
29403,2.573538303375244,,,,tootsie-scaling-1536-350a3a
29475,2.5390567779541016,,,,tootsie-scaling-1536-350a3a
29488,2.5243442058563232,,,,tootsie-scaling-1536-350a3a
29503,2.5093729496002197,,,,tootsie-scaling-1536-350a3a
29528,2.5265278816223145,,,,tootsie-scaling-1536-350a3a
29537,2.5335745811462402,,,,tootsie-scaling-1536-350a3a
29545,2.5365538597106934,,,,tootsie-scaling-1536-350a3a
29567,2.533097267150879,,,,tootsie-scaling-1536-350a3a
29582,2.5567820072174072,,,,tootsie-scaling-1536-350a3a
29587,2.545057773590088,,,,tootsie-scaling-1536-350a3a
29606,2.5393450260162354,,,,tootsie-scaling-1536-350a3a
29717,2.5257928371429443,,,,tootsie-scaling-1536-350a3a
29765,2.5146985054016113,,,,tootsie-scaling-1536-350a3a
29782,2.5661749839782715,,,,tootsie-scaling-1536-350a3a
29802,2.554107666015625,,,,tootsie-scaling-1536-350a3a
29813,2.511005163192749,,,,tootsie-scaling-1536-350a3a
29836,2.533986806869507,,,,tootsie-scaling-1536-350a3a
29886,2.5469810962677,,,,tootsie-scaling-1536-350a3a
29936,2.5341906547546387,,,,tootsie-scaling-1536-350a3a
29975,2.5353457927703857,,,,tootsie-scaling-1536-350a3a
29991,2.542560577392578,,,,tootsie-scaling-1536-350a3a
30000,,2.8996341228485107,2.5426623821258545,2.704430103302002,tootsie-scaling-1536-350a3a
30015,2.5618321895599365,,,,tootsie-scaling-1536-350a3a
30029,2.5647025108337402,,,,tootsie-scaling-1536-350a3a
30035,2.579530715942383,,,,tootsie-scaling-1536-350a3a
30055,2.59338116645813,,,,tootsie-scaling-1536-350a3a
30094,2.5868728160858154,,,,tootsie-scaling-1536-350a3a
30108,2.5998141765594482,,,,tootsie-scaling-1536-350a3a
30126,2.6016316413879395,,,,tootsie-scaling-1536-350a3a
30156,2.571002244949341,,,,tootsie-scaling-1536-350a3a
30162,2.5746703147888184,,,,tootsie-scaling-1536-350a3a
30261,2.553450584411621,,,,tootsie-scaling-1536-350a3a
30263,2.61538028717041,,,,tootsie-scaling-1536-350a3a
30291,2.590999126434326,,,,tootsie-scaling-1536-350a3a
30295,2.5830183029174805,,,,tootsie-scaling-1536-350a3a
30373,2.601343870162964,,,,tootsie-scaling-1536-350a3a
30395,2.6091277599334717,,,,tootsie-scaling-1536-350a3a
30419,2.5811095237731934,,,,tootsie-scaling-1536-350a3a
30439,2.5873897075653076,,,,tootsie-scaling-1536-350a3a
30471,2.5876200199127197,,,,tootsie-scaling-1536-350a3a
30472,2.587049961090088,,,,tootsie-scaling-1536-350a3a
30477,2.6055948734283447,,,,tootsie-scaling-1536-350a3a
30513,2.5828425884246826,,,,tootsie-scaling-1536-350a3a
30537,2.597843647003174,,,,tootsie-scaling-1536-350a3a
30624,2.5778656005859375,,,,tootsie-scaling-1536-350a3a
30711,2.585662364959717,,,,tootsie-scaling-1536-350a3a
30729,2.614241600036621,,,,tootsie-scaling-1536-350a3a
30748,2.588764190673828,,,,tootsie-scaling-1536-350a3a
30763,2.5936789512634277,,,,tootsie-scaling-1536-350a3a
30768,2.591353416442871,,,,tootsie-scaling-1536-350a3a
30776,2.63643217086792,,,,tootsie-scaling-1536-350a3a
30868,2.5802037715911865,,,,tootsie-scaling-1536-350a3a
30945,2.577988386154175,,,,tootsie-scaling-1536-350a3a
30974,2.609745979309082,,,,tootsie-scaling-1536-350a3a
30998,2.5778675079345703,,,,tootsie-scaling-1536-350a3a
31037,2.5906214714050293,,,,tootsie-scaling-1536-350a3a
31044,2.6260859966278076,,,,tootsie-scaling-1536-350a3a
31132,2.5862953662872314,,,,tootsie-scaling-1536-350a3a
31134,2.611668109893799,,,,tootsie-scaling-1536-350a3a
31148,2.5992984771728516,,,,tootsie-scaling-1536-350a3a
31162,2.603867292404175,,,,tootsie-scaling-1536-350a3a
31172,2.558812379837036,,,,tootsie-scaling-1536-350a3a
31174,2.553919553756714,,,,tootsie-scaling-1536-350a3a
31190,2.5985143184661865,,,,tootsie-scaling-1536-350a3a
31225,2.5930705070495605,,,,tootsie-scaling-1536-350a3a
31240,2.5952436923980713,,,,tootsie-scaling-1536-350a3a
31242,2.5943737030029297,,,,tootsie-scaling-1536-350a3a
31251,2.607884645462036,,,,tootsie-scaling-1536-350a3a
31298,2.586528778076172,,,,tootsie-scaling-1536-350a3a
31299,2.5974154472351074,,,,tootsie-scaling-1536-350a3a
31361,2.6080105304718018,,,,tootsie-scaling-1536-350a3a
31363,2.589418888092041,,,,tootsie-scaling-1536-350a3a
31385,2.5947561264038086,,,,tootsie-scaling-1536-350a3a
31394,2.5789690017700195,,,,tootsie-scaling-1536-350a3a
31402,2.5952625274658203,,,,tootsie-scaling-1536-350a3a
31426,2.6183245182037354,,,,tootsie-scaling-1536-350a3a
31478,2.6170835494995117,,,,tootsie-scaling-1536-350a3a
31525,2.6030473709106445,,,,tootsie-scaling-1536-350a3a
31538,2.5806491374969482,,,,tootsie-scaling-1536-350a3a
31566,2.575342893600464,,,,tootsie-scaling-1536-350a3a
31573,2.5992112159729004,,,,tootsie-scaling-1536-350a3a
31575,2.5897152423858643,,,,tootsie-scaling-1536-350a3a
31586,2.555180072784424,,,,tootsie-scaling-1536-350a3a
31605,2.5555472373962402,,,,tootsie-scaling-1536-350a3a
31624,2.5946807861328125,,,,tootsie-scaling-1536-350a3a
31666,2.5631749629974365,,,,tootsie-scaling-1536-350a3a
31721,2.5816214084625244,,,,tootsie-scaling-1536-350a3a
31735,2.6180078983306885,,,,tootsie-scaling-1536-350a3a
31763,2.5879228115081787,,,,tootsie-scaling-1536-350a3a
31766,2.636192560195923,,,,tootsie-scaling-1536-350a3a
31787,2.5702576637268066,,,,tootsie-scaling-1536-350a3a
31792,2.5812807083129883,,,,tootsie-scaling-1536-350a3a
31802,2.598078489303589,,,,tootsie-scaling-1536-350a3a
31847,2.5427205562591553,,,,tootsie-scaling-1536-350a3a
31924,2.568315029144287,,,,tootsie-scaling-1536-350a3a
31970,2.622279644012451,,,,tootsie-scaling-1536-350a3a
31986,2.5945146083831787,,,,tootsie-scaling-1536-350a3a
32012,2.620234251022339,,,,tootsie-scaling-1536-350a3a
32016,2.5847339630126953,,,,tootsie-scaling-1536-350a3a
32089,2.5932915210723877,,,,tootsie-scaling-1536-350a3a
32134,2.6031932830810547,,,,tootsie-scaling-1536-350a3a
32166,2.594327926635742,,,,tootsie-scaling-1536-350a3a
32172,2.56022572517395,,,,tootsie-scaling-1536-350a3a
32185,2.550593852996826,,,,tootsie-scaling-1536-350a3a
32186,2.596299886703491,,,,tootsie-scaling-1536-350a3a
32209,2.5975069999694824,,,,tootsie-scaling-1536-350a3a
32211,2.585651397705078,,,,tootsie-scaling-1536-350a3a
32366,2.6088240146636963,,,,tootsie-scaling-1536-350a3a
32384,2.591031074523926,,,,tootsie-scaling-1536-350a3a
32471,2.581862688064575,,,,tootsie-scaling-1536-350a3a
32493,2.583894729614258,,,,tootsie-scaling-1536-350a3a
32528,2.5632920265197754,,,,tootsie-scaling-1536-350a3a
32616,2.597917318344116,,,,tootsie-scaling-1536-350a3a
32629,2.59635329246521,,,,tootsie-scaling-1536-350a3a
32672,2.580897331237793,,,,tootsie-scaling-1536-350a3a
32694,2.608690023422241,,,,tootsie-scaling-1536-350a3a
32703,2.6258747577667236,,,,tootsie-scaling-1536-350a3a
32718,2.5971970558166504,,,,tootsie-scaling-1536-350a3a
32726,2.6001102924346924,,,,tootsie-scaling-1536-350a3a
32767,2.577998161315918,,,,tootsie-scaling-1536-350a3a
32775,2.553438425064087,,,,tootsie-scaling-1536-350a3a
32786,2.588885545730591,,,,tootsie-scaling-1536-350a3a
32787,2.5905044078826904,,,,tootsie-scaling-1536-350a3a
32837,2.5848445892333984,,,,tootsie-scaling-1536-350a3a
32853,2.570317029953003,,,,tootsie-scaling-1536-350a3a
32901,2.5764520168304443,,,,tootsie-scaling-1536-350a3a
32934,2.5583062171936035,,,,tootsie-scaling-1536-350a3a
32995,2.595674991607666,,,,tootsie-scaling-1536-350a3a
33066,2.5766396522521973,,,,tootsie-scaling-1536-350a3a
33129,2.6016619205474854,,,,tootsie-scaling-1536-350a3a
33165,2.604917287826538,,,,tootsie-scaling-1536-350a3a
33171,2.585448741912842,,,,tootsie-scaling-1536-350a3a
33214,2.6021745204925537,,,,tootsie-scaling-1536-350a3a
33287,2.5731358528137207,,,,tootsie-scaling-1536-350a3a
33327,2.5833730697631836,,,,tootsie-scaling-1536-350a3a
33341,2.588588237762451,,,,tootsie-scaling-1536-350a3a
33362,2.5767288208007812,,,,tootsie-scaling-1536-350a3a
33374,2.5887351036071777,,,,tootsie-scaling-1536-350a3a
33439,2.6051478385925293,,,,tootsie-scaling-1536-350a3a
33442,2.5661683082580566,,,,tootsie-scaling-1536-350a3a
33685,2.5938351154327393,,,,tootsie-scaling-1536-350a3a
33726,2.604149580001831,,,,tootsie-scaling-1536-350a3a
33784,2.5910086631774902,,,,tootsie-scaling-1536-350a3a
33815,2.6053521633148193,,,,tootsie-scaling-1536-350a3a
33920,2.573258876800537,,,,tootsie-scaling-1536-350a3a
33955,2.6087169647216797,,,,tootsie-scaling-1536-350a3a
33967,2.5741021633148193,,,,tootsie-scaling-1536-350a3a
33979,2.5955677032470703,,,,tootsie-scaling-1536-350a3a
33990,2.6112568378448486,,,,tootsie-scaling-1536-350a3a
34034,2.5728538036346436,,,,tootsie-scaling-1536-350a3a
34063,2.574117660522461,,,,tootsie-scaling-1536-350a3a
34122,2.5895094871520996,,,,tootsie-scaling-1536-350a3a
34124,2.5983145236968994,,,,tootsie-scaling-1536-350a3a
34131,2.5856692790985107,,,,tootsie-scaling-1536-350a3a
34178,2.610537052154541,,,,tootsie-scaling-1536-350a3a
34208,2.6176083087921143,,,,tootsie-scaling-1536-350a3a
34217,2.609442710876465,,,,tootsie-scaling-1536-350a3a
34327,2.5826711654663086,,,,tootsie-scaling-1536-350a3a
34338,2.5966579914093018,,,,tootsie-scaling-1536-350a3a
34367,2.5831923484802246,,,,tootsie-scaling-1536-350a3a
34399,2.5802085399627686,,,,tootsie-scaling-1536-350a3a
34413,2.5967533588409424,,,,tootsie-scaling-1536-350a3a
34455,2.6262834072113037,,,,tootsie-scaling-1536-350a3a
34474,2.588844060897827,,,,tootsie-scaling-1536-350a3a
34525,2.561581611633301,,,,tootsie-scaling-1536-350a3a
34537,2.6105103492736816,,,,tootsie-scaling-1536-350a3a
34547,2.619718074798584,,,,tootsie-scaling-1536-350a3a
34548,2.6228160858154297,,,,tootsie-scaling-1536-350a3a
34567,2.5767133235931396,,,,tootsie-scaling-1536-350a3a
34581,2.6057441234588623,,,,tootsie-scaling-1536-350a3a
34627,2.5816283226013184,,,,tootsie-scaling-1536-350a3a
34643,2.5848653316497803,,,,tootsie-scaling-1536-350a3a
34675,2.5917861461639404,,,,tootsie-scaling-1536-350a3a
34708,2.5562310218811035,,,,tootsie-scaling-1536-350a3a
34739,2.582592725753784,,,,tootsie-scaling-1536-350a3a
34742,2.585689067840576,,,,tootsie-scaling-1536-350a3a
34750,2.5854849815368652,,,,tootsie-scaling-1536-350a3a
34766,2.590230703353882,,,,tootsie-scaling-1536-350a3a
34783,2.604435920715332,,,,tootsie-scaling-1536-350a3a
34801,2.586761474609375,,,,tootsie-scaling-1536-350a3a
34802,2.563246250152588,,,,tootsie-scaling-1536-350a3a
34836,2.5796122550964355,,,,tootsie-scaling-1536-350a3a
34865,2.5992369651794434,,,,tootsie-scaling-1536-350a3a
34916,2.580409288406372,,,,tootsie-scaling-1536-350a3a
34918,2.5864956378936768,,,,tootsie-scaling-1536-350a3a
34933,2.5942840576171875,,,,tootsie-scaling-1536-350a3a
34960,2.583989143371582,,,,tootsie-scaling-1536-350a3a
34973,2.5956389904022217,,,,tootsie-scaling-1536-350a3a
35018,2.6076505184173584,,,,tootsie-scaling-1536-350a3a
35034,2.6066460609436035,,,,tootsie-scaling-1536-350a3a
35098,2.5672922134399414,,,,tootsie-scaling-1536-350a3a
35199,2.5993852615356445,,,,tootsie-scaling-1536-350a3a
35230,2.576589584350586,,,,tootsie-scaling-1536-350a3a
35296,2.599597692489624,,,,tootsie-scaling-1536-350a3a
35324,2.5877649784088135,,,,tootsie-scaling-1536-350a3a
35440,2.5849695205688477,,,,tootsie-scaling-1536-350a3a
35631,2.590150833129883,,,,tootsie-scaling-1536-350a3a
35672,2.5897200107574463,,,,tootsie-scaling-1536-350a3a
35765,2.587921380996704,,,,tootsie-scaling-1536-350a3a
35781,2.5836570262908936,,,,tootsie-scaling-1536-350a3a
35796,2.5712437629699707,,,,tootsie-scaling-1536-350a3a
35797,2.6013054847717285,,,,tootsie-scaling-1536-350a3a
35816,2.5981626510620117,,,,tootsie-scaling-1536-350a3a
35838,2.578223943710327,,,,tootsie-scaling-1536-350a3a
35839,2.607854127883911,,,,tootsie-scaling-1536-350a3a
35845,2.568580150604248,,,,tootsie-scaling-1536-350a3a
35862,2.597201347351074,,,,tootsie-scaling-1536-350a3a
35864,2.566180467605591,,,,tootsie-scaling-1536-350a3a
35868,2.6127376556396484,,,,tootsie-scaling-1536-350a3a
35962,2.5956807136535645,,,,tootsie-scaling-1536-350a3a
36005,2.595517158508301,,,,tootsie-scaling-1536-350a3a
36013,2.572923421859741,,,,tootsie-scaling-1536-350a3a
36032,2.5758142471313477,,,,tootsie-scaling-1536-350a3a
36069,2.571227550506592,,,,tootsie-scaling-1536-350a3a
36081,2.573003053665161,,,,tootsie-scaling-1536-350a3a
36184,2.5702083110809326,,,,tootsie-scaling-1536-350a3a
36208,2.5718994140625,,,,tootsie-scaling-1536-350a3a
36291,2.585648536682129,,,,tootsie-scaling-1536-350a3a
36315,2.6038553714752197,,,,tootsie-scaling-1536-350a3a
36326,2.5718235969543457,,,,tootsie-scaling-1536-350a3a
36334,2.577117443084717,,,,tootsie-scaling-1536-350a3a
36441,2.568570137023926,,,,tootsie-scaling-1536-350a3a
36454,2.5897629261016846,,,,tootsie-scaling-1536-350a3a
36493,2.541693925857544,,,,tootsie-scaling-1536-350a3a
36512,2.617954730987549,,,,tootsie-scaling-1536-350a3a
36518,2.578287363052368,,,,tootsie-scaling-1536-350a3a
36527,2.5731914043426514,,,,tootsie-scaling-1536-350a3a
36578,2.577162265777588,,,,tootsie-scaling-1536-350a3a
36596,2.569451332092285,,,,tootsie-scaling-1536-350a3a
36650,2.5777716636657715,,,,tootsie-scaling-1536-350a3a
36711,2.5714364051818848,,,,tootsie-scaling-1536-350a3a
36725,2.5936970710754395,,,,tootsie-scaling-1536-350a3a
36748,2.586634874343872,,,,tootsie-scaling-1536-350a3a
36760,2.5819790363311768,,,,tootsie-scaling-1536-350a3a
36797,2.5882956981658936,,,,tootsie-scaling-1536-350a3a
36999,2.5663344860076904,,,,tootsie-scaling-1536-350a3a
37025,2.5837974548339844,,,,tootsie-scaling-1536-350a3a
37038,2.573495864868164,,,,tootsie-scaling-1536-350a3a
37045,2.604733943939209,,,,tootsie-scaling-1536-350a3a
37053,2.572675943374634,,,,tootsie-scaling-1536-350a3a
37059,2.570591688156128,,,,tootsie-scaling-1536-350a3a
37062,2.576444387435913,,,,tootsie-scaling-1536-350a3a
37144,2.6086935997009277,,,,tootsie-scaling-1536-350a3a
37160,2.6129777431488037,,,,tootsie-scaling-1536-350a3a
37220,2.5514261722564697,,,,tootsie-scaling-1536-350a3a
37267,2.5683224201202393,,,,tootsie-scaling-1536-350a3a
37291,2.5563158988952637,,,,tootsie-scaling-1536-350a3a
37299,2.5853371620178223,,,,tootsie-scaling-1536-350a3a
37319,2.6006100177764893,,,,tootsie-scaling-1536-350a3a
37346,2.5813474655151367,,,,tootsie-scaling-1536-350a3a
37424,2.6021506786346436,,,,tootsie-scaling-1536-350a3a
37486,2.625347375869751,,,,tootsie-scaling-1536-350a3a
37542,2.569361686706543,,,,tootsie-scaling-1536-350a3a
37576,2.576355218887329,,,,tootsie-scaling-1536-350a3a
37610,2.5759072303771973,,,,tootsie-scaling-1536-350a3a
37617,2.6091201305389404,,,,tootsie-scaling-1536-350a3a
37666,2.5640735626220703,,,,tootsie-scaling-1536-350a3a
37673,2.577077865600586,,,,tootsie-scaling-1536-350a3a
37677,2.591597080230713,,,,tootsie-scaling-1536-350a3a
37730,2.575831890106201,,,,tootsie-scaling-1536-350a3a
37753,2.581969738006592,,,,tootsie-scaling-1536-350a3a
37769,2.578897714614868,,,,tootsie-scaling-1536-350a3a
37858,2.5681309700012207,,,,tootsie-scaling-1536-350a3a
37872,2.5946547985076904,,,,tootsie-scaling-1536-350a3a
37888,2.590383291244507,,,,tootsie-scaling-1536-350a3a
37958,2.5997941493988037,,,,tootsie-scaling-1536-350a3a
37991,2.600125551223755,,,,tootsie-scaling-1536-350a3a
38006,2.5606861114501953,,,,tootsie-scaling-1536-350a3a
38021,2.5663068294525146,,,,tootsie-scaling-1536-350a3a
38040,2.5528829097747803,,,,tootsie-scaling-1536-350a3a
38128,2.6108603477478027,,,,tootsie-scaling-1536-350a3a
38149,2.607404947280884,,,,tootsie-scaling-1536-350a3a
38164,2.575972080230713,,,,tootsie-scaling-1536-350a3a
38241,2.610060930252075,,,,tootsie-scaling-1536-350a3a
38272,2.5648787021636963,,,,tootsie-scaling-1536-350a3a
38307,2.601179599761963,,,,tootsie-scaling-1536-350a3a
38382,2.5737111568450928,,,,tootsie-scaling-1536-350a3a
38431,2.575814962387085,,,,tootsie-scaling-1536-350a3a
38442,2.6092007160186768,,,,tootsie-scaling-1536-350a3a
38448,2.578707218170166,,,,tootsie-scaling-1536-350a3a
38477,2.606438159942627,,,,tootsie-scaling-1536-350a3a
38548,2.6108510494232178,,,,tootsie-scaling-1536-350a3a
38575,2.57595157623291,,,,tootsie-scaling-1536-350a3a
38604,2.574814796447754,,,,tootsie-scaling-1536-350a3a
38605,2.6320602893829346,,,,tootsie-scaling-1536-350a3a
38612,2.583183765411377,,,,tootsie-scaling-1536-350a3a
38688,2.592432975769043,,,,tootsie-scaling-1536-350a3a
38751,2.594614028930664,,,,tootsie-scaling-1536-350a3a
38769,2.5479605197906494,,,,tootsie-scaling-1536-350a3a
38777,2.5683462619781494,,,,tootsie-scaling-1536-350a3a
38830,2.573322296142578,,,,tootsie-scaling-1536-350a3a
38864,2.5528690814971924,,,,tootsie-scaling-1536-350a3a
38872,2.5613489151000977,,,,tootsie-scaling-1536-350a3a
38925,2.5833988189697266,,,,tootsie-scaling-1536-350a3a
38952,2.5801360607147217,,,,tootsie-scaling-1536-350a3a
39071,2.5536115169525146,,,,tootsie-scaling-1536-350a3a
39077,2.5565571784973145,,,,tootsie-scaling-1536-350a3a
39108,2.583482503890991,,,,tootsie-scaling-1536-350a3a
39149,2.5766685009002686,,,,tootsie-scaling-1536-350a3a
39150,2.5554099082946777,,,,tootsie-scaling-1536-350a3a
39152,2.547354221343994,,,,tootsie-scaling-1536-350a3a
39165,2.5753560066223145,,,,tootsie-scaling-1536-350a3a
39228,2.550839900970459,,,,tootsie-scaling-1536-350a3a
39298,2.5337307453155518,,,,tootsie-scaling-1536-350a3a
39315,2.5273759365081787,,,,tootsie-scaling-1536-350a3a
39329,2.549602508544922,,,,tootsie-scaling-1536-350a3a
39333,2.5319221019744873,,,,tootsie-scaling-1536-350a3a
39341,2.5406265258789062,,,,tootsie-scaling-1536-350a3a
39355,2.551588773727417,,,,tootsie-scaling-1536-350a3a
39368,2.532780170440674,,,,tootsie-scaling-1536-350a3a
39426,2.519493818283081,,,,tootsie-scaling-1536-350a3a
39450,2.5514440536499023,,,,tootsie-scaling-1536-350a3a
39453,2.5276262760162354,,,,tootsie-scaling-1536-350a3a
39558,2.5310142040252686,,,,tootsie-scaling-1536-350a3a
39580,2.5288829803466797,,,,tootsie-scaling-1536-350a3a
39601,2.5389435291290283,,,,tootsie-scaling-1536-350a3a
39656,2.5416347980499268,,,,tootsie-scaling-1536-350a3a
39662,2.521796464920044,,,,tootsie-scaling-1536-350a3a
39664,2.534158945083618,,,,tootsie-scaling-1536-350a3a
39776,2.537846565246582,,,,tootsie-scaling-1536-350a3a
39796,2.515868902206421,,,,tootsie-scaling-1536-350a3a
39817,2.5518012046813965,,,,tootsie-scaling-1536-350a3a
39822,2.5300986766815186,,,,tootsie-scaling-1536-350a3a
39941,2.4909448623657227,,,,tootsie-scaling-1536-350a3a
40000,,2.8825111389160156,2.5280168056488037,2.6940770149230957,tootsie-scaling-1536-350a3a
40014,2.5529863834381104,,,,tootsie-scaling-1536-350a3a
40070,2.5471649169921875,,,,tootsie-scaling-1536-350a3a
40309,2.557722330093384,,,,tootsie-scaling-1536-350a3a
40325,2.6067488193511963,,,,tootsie-scaling-1536-350a3a
40346,2.5883047580718994,,,,tootsie-scaling-1536-350a3a
40373,2.5637810230255127,,,,tootsie-scaling-1536-350a3a
40394,2.5794568061828613,,,,tootsie-scaling-1536-350a3a
40429,2.6193454265594482,,,,tootsie-scaling-1536-350a3a
40438,2.5746452808380127,,,,tootsie-scaling-1536-350a3a
40447,2.5546789169311523,,,,tootsie-scaling-1536-350a3a
40448,2.5934271812438965,,,,tootsie-scaling-1536-350a3a
40472,2.5632240772247314,,,,tootsie-scaling-1536-350a3a
40482,2.575878620147705,,,,tootsie-scaling-1536-350a3a
40485,2.5931499004364014,,,,tootsie-scaling-1536-350a3a
40522,2.5901291370391846,,,,tootsie-scaling-1536-350a3a
40538,2.5949058532714844,,,,tootsie-scaling-1536-350a3a
40562,2.576972723007202,,,,tootsie-scaling-1536-350a3a
40580,2.5405187606811523,,,,tootsie-scaling-1536-350a3a
40583,2.59325909614563,,,,tootsie-scaling-1536-350a3a
40605,2.5644330978393555,,,,tootsie-scaling-1536-350a3a
40631,2.5504508018493652,,,,tootsie-scaling-1536-350a3a
40673,2.5428783893585205,,,,tootsie-scaling-1536-350a3a
40706,2.5796422958374023,,,,tootsie-scaling-1536-350a3a
40710,2.5923051834106445,,,,tootsie-scaling-1536-350a3a
40726,2.5562000274658203,,,,tootsie-scaling-1536-350a3a
40740,2.5491726398468018,,,,tootsie-scaling-1536-350a3a
40778,2.551759719848633,,,,tootsie-scaling-1536-350a3a
40793,2.6108150482177734,,,,tootsie-scaling-1536-350a3a
40864,2.563955545425415,,,,tootsie-scaling-1536-350a3a
40888,2.5781900882720947,,,,tootsie-scaling-1536-350a3a
40918,2.5796730518341064,,,,tootsie-scaling-1536-350a3a
40983,2.596076250076294,,,,tootsie-scaling-1536-350a3a
41039,2.554586172103882,,,,tootsie-scaling-1536-350a3a
41119,2.597010612487793,,,,tootsie-scaling-1536-350a3a
41140,2.5733139514923096,,,,tootsie-scaling-1536-350a3a
41172,2.5883126258850098,,,,tootsie-scaling-1536-350a3a
41253,2.538867712020874,,,,tootsie-scaling-1536-350a3a
41289,2.5794026851654053,,,,tootsie-scaling-1536-350a3a
41314,2.606304407119751,,,,tootsie-scaling-1536-350a3a
41334,2.581223726272583,,,,tootsie-scaling-1536-350a3a
41341,2.559882640838623,,,,tootsie-scaling-1536-350a3a
41344,2.5973031520843506,,,,tootsie-scaling-1536-350a3a
41355,2.5960562229156494,,,,tootsie-scaling-1536-350a3a
41370,2.5523769855499268,,,,tootsie-scaling-1536-350a3a
41428,2.559882164001465,,,,tootsie-scaling-1536-350a3a
41457,2.589595317840576,,,,tootsie-scaling-1536-350a3a
41465,2.595459461212158,,,,tootsie-scaling-1536-350a3a
41547,2.5757617950439453,,,,tootsie-scaling-1536-350a3a
41553,2.6068146228790283,,,,tootsie-scaling-1536-350a3a
41612,2.564131498336792,,,,tootsie-scaling-1536-350a3a
41614,2.5688912868499756,,,,tootsie-scaling-1536-350a3a
41746,2.599963426589966,,,,tootsie-scaling-1536-350a3a
41791,2.566856622695923,,,,tootsie-scaling-1536-350a3a
41814,2.5610291957855225,,,,tootsie-scaling-1536-350a3a
41838,2.6005632877349854,,,,tootsie-scaling-1536-350a3a
41866,2.5940897464752197,,,,tootsie-scaling-1536-350a3a
41964,2.5730950832366943,,,,tootsie-scaling-1536-350a3a
41988,2.546903371810913,,,,tootsie-scaling-1536-350a3a
42027,2.6042001247406006,,,,tootsie-scaling-1536-350a3a
42054,2.5936543941497803,,,,tootsie-scaling-1536-350a3a
42056,2.589792013168335,,,,tootsie-scaling-1536-350a3a
42065,2.5839922428131104,,,,tootsie-scaling-1536-350a3a
42097,2.5825250148773193,,,,tootsie-scaling-1536-350a3a
42149,2.5708487033843994,,,,tootsie-scaling-1536-350a3a
42158,2.5683693885803223,,,,tootsie-scaling-1536-350a3a
42168,2.5884881019592285,,,,tootsie-scaling-1536-350a3a
42188,2.593226909637451,,,,tootsie-scaling-1536-350a3a
42220,2.5678062438964844,,,,tootsie-scaling-1536-350a3a
42256,2.584298849105835,,,,tootsie-scaling-1536-350a3a
42280,2.5724895000457764,,,,tootsie-scaling-1536-350a3a
42302,2.546067237854004,,,,tootsie-scaling-1536-350a3a
42345,2.5611703395843506,,,,tootsie-scaling-1536-350a3a
42362,2.570574998855591,,,,tootsie-scaling-1536-350a3a
42378,2.5650582313537598,,,,tootsie-scaling-1536-350a3a
42478,2.580414056777954,,,,tootsie-scaling-1536-350a3a
42501,2.5682284832000732,,,,tootsie-scaling-1536-350a3a
42555,2.6018240451812744,,,,tootsie-scaling-1536-350a3a
42564,2.593158006668091,,,,tootsie-scaling-1536-350a3a
42643,2.567546844482422,,,,tootsie-scaling-1536-350a3a
42668,2.5688068866729736,,,,tootsie-scaling-1536-350a3a
42754,2.568352460861206,,,,tootsie-scaling-1536-350a3a
42792,2.572807788848877,,,,tootsie-scaling-1536-350a3a
42809,2.58213210105896,,,,tootsie-scaling-1536-350a3a
42883,2.6050736904144287,,,,tootsie-scaling-1536-350a3a
42896,2.5854125022888184,,,,tootsie-scaling-1536-350a3a
42902,2.570004463195801,,,,tootsie-scaling-1536-350a3a
42929,2.5671026706695557,,,,tootsie-scaling-1536-350a3a
42970,2.5938875675201416,,,,tootsie-scaling-1536-350a3a
42977,2.573507308959961,,,,tootsie-scaling-1536-350a3a
43019,2.5945770740509033,,,,tootsie-scaling-1536-350a3a
43021,2.5781641006469727,,,,tootsie-scaling-1536-350a3a
43039,2.5908970832824707,,,,tootsie-scaling-1536-350a3a
43058,2.5475618839263916,,,,tootsie-scaling-1536-350a3a
43064,2.5818750858306885,,,,tootsie-scaling-1536-350a3a
43070,2.547729730606079,,,,tootsie-scaling-1536-350a3a
43150,2.557776927947998,,,,tootsie-scaling-1536-350a3a
43154,2.57848858833313,,,,tootsie-scaling-1536-350a3a
43191,2.594426393508911,,,,tootsie-scaling-1536-350a3a
43232,2.556152820587158,,,,tootsie-scaling-1536-350a3a
43303,2.5591177940368652,,,,tootsie-scaling-1536-350a3a
43319,2.5854146480560303,,,,tootsie-scaling-1536-350a3a
43335,2.5776500701904297,,,,tootsie-scaling-1536-350a3a
43411,2.5750491619110107,,,,tootsie-scaling-1536-350a3a
43446,2.5978012084960938,,,,tootsie-scaling-1536-350a3a
43483,2.5620827674865723,,,,tootsie-scaling-1536-350a3a
43493,2.548720359802246,,,,tootsie-scaling-1536-350a3a
43504,2.572330951690674,,,,tootsie-scaling-1536-350a3a
43525,2.6121466159820557,,,,tootsie-scaling-1536-350a3a
43547,2.5966572761535645,,,,tootsie-scaling-1536-350a3a
43644,2.5875258445739746,,,,tootsie-scaling-1536-350a3a
43659,2.581387996673584,,,,tootsie-scaling-1536-350a3a
43676,2.5670716762542725,,,,tootsie-scaling-1536-350a3a
43712,2.5828025341033936,,,,tootsie-scaling-1536-350a3a
43772,2.5697503089904785,,,,tootsie-scaling-1536-350a3a
43799,2.5664126873016357,,,,tootsie-scaling-1536-350a3a
43818,2.567831039428711,,,,tootsie-scaling-1536-350a3a
43830,2.5999715328216553,,,,tootsie-scaling-1536-350a3a
43859,2.5621044635772705,,,,tootsie-scaling-1536-350a3a
43888,2.5666444301605225,,,,tootsie-scaling-1536-350a3a
43913,2.5831234455108643,,,,tootsie-scaling-1536-350a3a
43943,2.573493719100952,,,,tootsie-scaling-1536-350a3a
43954,2.5490071773529053,,,,tootsie-scaling-1536-350a3a
43976,2.5778980255126953,,,,tootsie-scaling-1536-350a3a
43989,2.567430019378662,,,,tootsie-scaling-1536-350a3a
44014,2.583604335784912,,,,tootsie-scaling-1536-350a3a
44031,2.593435287475586,,,,tootsie-scaling-1536-350a3a
44049,2.5951530933380127,,,,tootsie-scaling-1536-350a3a
44056,2.5803396701812744,,,,tootsie-scaling-1536-350a3a
44058,2.5543432235717773,,,,tootsie-scaling-1536-350a3a
44081,2.5537798404693604,,,,tootsie-scaling-1536-350a3a
44206,2.5645511150360107,,,,tootsie-scaling-1536-350a3a
44224,2.5849530696868896,,,,tootsie-scaling-1536-350a3a
44241,2.5693812370300293,,,,tootsie-scaling-1536-350a3a
44301,2.607869863510132,,,,tootsie-scaling-1536-350a3a
44410,2.600539207458496,,,,tootsie-scaling-1536-350a3a
44457,2.5640196800231934,,,,tootsie-scaling-1536-350a3a
44514,2.546076774597168,,,,tootsie-scaling-1536-350a3a
44523,2.5489628314971924,,,,tootsie-scaling-1536-350a3a
44528,2.568979501724243,,,,tootsie-scaling-1536-350a3a
44533,2.555617332458496,,,,tootsie-scaling-1536-350a3a
44539,2.5363426208496094,,,,tootsie-scaling-1536-350a3a
44546,2.5684032440185547,,,,tootsie-scaling-1536-350a3a
44557,2.56141996383667,,,,tootsie-scaling-1536-350a3a
44585,2.568936586380005,,,,tootsie-scaling-1536-350a3a
44758,2.581007480621338,,,,tootsie-scaling-1536-350a3a
44776,2.570538282394409,,,,tootsie-scaling-1536-350a3a
44830,2.5783543586730957,,,,tootsie-scaling-1536-350a3a
44855,2.560864210128784,,,,tootsie-scaling-1536-350a3a
44875,2.5707106590270996,,,,tootsie-scaling-1536-350a3a
44892,2.579970359802246,,,,tootsie-scaling-1536-350a3a
44950,2.5736420154571533,,,,tootsie-scaling-1536-350a3a
44957,2.548462390899658,,,,tootsie-scaling-1536-350a3a
44960,2.5661325454711914,,,,tootsie-scaling-1536-350a3a
44962,2.5580668449401855,,,,tootsie-scaling-1536-350a3a
45035,2.595832586288452,,,,tootsie-scaling-1536-350a3a
45084,2.5654714107513428,,,,tootsie-scaling-1536-350a3a
45098,2.572368621826172,,,,tootsie-scaling-1536-350a3a
45109,2.60417103767395,,,,tootsie-scaling-1536-350a3a
45115,2.591007709503174,,,,tootsie-scaling-1536-350a3a
45198,2.5711922645568848,,,,tootsie-scaling-1536-350a3a
45307,2.5667269229888916,,,,tootsie-scaling-1536-350a3a
45315,2.595508575439453,,,,tootsie-scaling-1536-350a3a
45329,2.5756664276123047,,,,tootsie-scaling-1536-350a3a
45384,2.5918948650360107,,,,tootsie-scaling-1536-350a3a
45451,2.5742297172546387,,,,tootsie-scaling-1536-350a3a
45461,2.577486515045166,,,,tootsie-scaling-1536-350a3a
45527,2.5804975032806396,,,,tootsie-scaling-1536-350a3a
45599,2.584409475326538,,,,tootsie-scaling-1536-350a3a
45615,2.5643880367279053,,,,tootsie-scaling-1536-350a3a
45654,2.575038194656372,,,,tootsie-scaling-1536-350a3a
45728,2.5527749061584473,,,,tootsie-scaling-1536-350a3a
45752,2.5665533542633057,,,,tootsie-scaling-1536-350a3a
45801,2.5984222888946533,,,,tootsie-scaling-1536-350a3a
45856,2.5797739028930664,,,,tootsie-scaling-1536-350a3a
45871,2.576334238052368,,,,tootsie-scaling-1536-350a3a
45872,2.5616273880004883,,,,tootsie-scaling-1536-350a3a
45877,2.5892772674560547,,,,tootsie-scaling-1536-350a3a
45887,2.5368456840515137,,,,tootsie-scaling-1536-350a3a
45970,2.5669760704040527,,,,tootsie-scaling-1536-350a3a
45978,2.579284429550171,,,,tootsie-scaling-1536-350a3a
46100,2.5461528301239014,,,,tootsie-scaling-1536-350a3a
46115,2.5662708282470703,,,,tootsie-scaling-1536-350a3a
46154,2.5832552909851074,,,,tootsie-scaling-1536-350a3a
46175,2.567078113555908,,,,tootsie-scaling-1536-350a3a
46197,2.582763433456421,,,,tootsie-scaling-1536-350a3a
46245,2.556751251220703,,,,tootsie-scaling-1536-350a3a
46255,2.540942430496216,,,,tootsie-scaling-1536-350a3a
46301,2.560875654220581,,,,tootsie-scaling-1536-350a3a
46369,2.57477068901062,,,,tootsie-scaling-1536-350a3a
46402,2.601553201675415,,,,tootsie-scaling-1536-350a3a
46435,2.5967960357666016,,,,tootsie-scaling-1536-350a3a
46456,2.563147783279419,,,,tootsie-scaling-1536-350a3a
46461,2.591210126876831,,,,tootsie-scaling-1536-350a3a
46488,2.557100772857666,,,,tootsie-scaling-1536-350a3a
46495,2.5679917335510254,,,,tootsie-scaling-1536-350a3a
46535,2.555814027786255,,,,tootsie-scaling-1536-350a3a
46559,2.5565412044525146,,,,tootsie-scaling-1536-350a3a
46571,2.601858377456665,,,,tootsie-scaling-1536-350a3a
46579,2.5791635513305664,,,,tootsie-scaling-1536-350a3a
46590,2.5819804668426514,,,,tootsie-scaling-1536-350a3a
46599,2.548943281173706,,,,tootsie-scaling-1536-350a3a
46622,2.5453622341156006,,,,tootsie-scaling-1536-350a3a
46673,2.5918610095977783,,,,tootsie-scaling-1536-350a3a
46675,2.555816173553467,,,,tootsie-scaling-1536-350a3a
46705,2.5541460514068604,,,,tootsie-scaling-1536-350a3a
46706,2.5922257900238037,,,,tootsie-scaling-1536-350a3a
46772,2.5873327255249023,,,,tootsie-scaling-1536-350a3a
46804,2.564164161682129,,,,tootsie-scaling-1536-350a3a
46831,2.56404447555542,,,,tootsie-scaling-1536-350a3a
46907,2.5559473037719727,,,,tootsie-scaling-1536-350a3a
46908,2.5932576656341553,,,,tootsie-scaling-1536-350a3a
46954,2.5801568031311035,,,,tootsie-scaling-1536-350a3a
47038,2.5862538814544678,,,,tootsie-scaling-1536-350a3a
47108,2.556852102279663,,,,tootsie-scaling-1536-350a3a
47143,2.5753092765808105,,,,tootsie-scaling-1536-350a3a
47154,2.5445191860198975,,,,tootsie-scaling-1536-350a3a
47170,2.589688777923584,,,,tootsie-scaling-1536-350a3a
47204,2.5499167442321777,,,,tootsie-scaling-1536-350a3a
47237,2.5742897987365723,,,,tootsie-scaling-1536-350a3a
47259,2.565523624420166,,,,tootsie-scaling-1536-350a3a
47307,2.574598550796509,,,,tootsie-scaling-1536-350a3a
47308,2.5737109184265137,,,,tootsie-scaling-1536-350a3a
47315,2.552966594696045,,,,tootsie-scaling-1536-350a3a
47363,2.5591766834259033,,,,tootsie-scaling-1536-350a3a
47426,2.5634257793426514,,,,tootsie-scaling-1536-350a3a
47462,2.608663558959961,,,,tootsie-scaling-1536-350a3a
47514,2.578212261199951,,,,tootsie-scaling-1536-350a3a
47554,2.557173490524292,,,,tootsie-scaling-1536-350a3a
47674,2.5452802181243896,,,,tootsie-scaling-1536-350a3a
47724,2.5724923610687256,,,,tootsie-scaling-1536-350a3a
47747,2.5761215686798096,,,,tootsie-scaling-1536-350a3a
47872,2.5288496017456055,,,,tootsie-scaling-1536-350a3a
47929,2.5912837982177734,,,,tootsie-scaling-1536-350a3a
47934,2.582613229751587,,,,tootsie-scaling-1536-350a3a
47948,2.564988374710083,,,,tootsie-scaling-1536-350a3a
47958,2.5764970779418945,,,,tootsie-scaling-1536-350a3a
47966,2.5874404907226562,,,,tootsie-scaling-1536-350a3a
47969,2.5957717895507812,,,,tootsie-scaling-1536-350a3a
47971,2.545586347579956,,,,tootsie-scaling-1536-350a3a
47974,2.596522569656372,,,,tootsie-scaling-1536-350a3a
48039,2.5830883979797363,,,,tootsie-scaling-1536-350a3a
48078,2.595604181289673,,,,tootsie-scaling-1536-350a3a
48102,2.578988552093506,,,,tootsie-scaling-1536-350a3a
48114,2.585566282272339,,,,tootsie-scaling-1536-350a3a
48123,2.5593767166137695,,,,tootsie-scaling-1536-350a3a
48127,2.5689871311187744,,,,tootsie-scaling-1536-350a3a
48145,2.5732126235961914,,,,tootsie-scaling-1536-350a3a
48153,2.5653581619262695,,,,tootsie-scaling-1536-350a3a
48165,2.555290460586548,,,,tootsie-scaling-1536-350a3a
48168,2.5509722232818604,,,,tootsie-scaling-1536-350a3a
48171,2.5883681774139404,,,,tootsie-scaling-1536-350a3a
48188,2.5770773887634277,,,,tootsie-scaling-1536-350a3a
48214,2.589914560317993,,,,tootsie-scaling-1536-350a3a
48226,2.5657012462615967,,,,tootsie-scaling-1536-350a3a
48233,2.5732367038726807,,,,tootsie-scaling-1536-350a3a
48234,2.5798749923706055,,,,tootsie-scaling-1536-350a3a
48249,2.581340789794922,,,,tootsie-scaling-1536-350a3a
48273,2.547919273376465,,,,tootsie-scaling-1536-350a3a
48406,2.583523750305176,,,,tootsie-scaling-1536-350a3a
48410,2.5746052265167236,,,,tootsie-scaling-1536-350a3a
48434,2.549438953399658,,,,tootsie-scaling-1536-350a3a
48469,2.572293758392334,,,,tootsie-scaling-1536-350a3a
48559,2.570647954940796,,,,tootsie-scaling-1536-350a3a
48610,2.5685296058654785,,,,tootsie-scaling-1536-350a3a
48642,2.585488796234131,,,,tootsie-scaling-1536-350a3a
48645,2.566614866256714,,,,tootsie-scaling-1536-350a3a
48658,2.5332729816436768,,,,tootsie-scaling-1536-350a3a
48670,2.559534788131714,,,,tootsie-scaling-1536-350a3a
48726,2.565589427947998,,,,tootsie-scaling-1536-350a3a
48842,2.582772970199585,,,,tootsie-scaling-1536-350a3a
48897,2.5491960048675537,,,,tootsie-scaling-1536-350a3a
48901,2.5866987705230713,,,,tootsie-scaling-1536-350a3a
48958,2.5688669681549072,,,,tootsie-scaling-1536-350a3a
49008,2.541246175765991,,,,tootsie-scaling-1536-350a3a
49039,2.542170524597168,,,,tootsie-scaling-1536-350a3a
49054,2.557039976119995,,,,tootsie-scaling-1536-350a3a
49060,2.5557126998901367,,,,tootsie-scaling-1536-350a3a
49143,2.545070171356201,,,,tootsie-scaling-1536-350a3a
49190,2.5518369674682617,,,,tootsie-scaling-1536-350a3a
49193,2.5028023719787598,,,,tootsie-scaling-1536-350a3a
49215,2.539844036102295,,,,tootsie-scaling-1536-350a3a
49242,2.540250301361084,,,,tootsie-scaling-1536-350a3a
49280,2.529587507247925,,,,tootsie-scaling-1536-350a3a
49289,2.532226800918579,,,,tootsie-scaling-1536-350a3a
49294,2.5115814208984375,,,,tootsie-scaling-1536-350a3a
49349,2.5164856910705566,,,,tootsie-scaling-1536-350a3a
49360,2.502882957458496,,,,tootsie-scaling-1536-350a3a
49372,2.5426547527313232,,,,tootsie-scaling-1536-350a3a
49444,2.4878764152526855,,,,tootsie-scaling-1536-350a3a
49447,2.4987564086914062,,,,tootsie-scaling-1536-350a3a
49468,2.48653244972229,,,,tootsie-scaling-1536-350a3a
49504,2.4975380897521973,,,,tootsie-scaling-1536-350a3a
49526,2.4928951263427734,,,,tootsie-scaling-1536-350a3a
49558,2.5129692554473877,,,,tootsie-scaling-1536-350a3a
49573,2.5007920265197754,,,,tootsie-scaling-1536-350a3a
49589,2.49530291557312,,,,tootsie-scaling-1536-350a3a
49621,2.5141046047210693,,,,tootsie-scaling-1536-350a3a
49738,2.521322727203369,,,,tootsie-scaling-1536-350a3a
49746,2.500919818878174,,,,tootsie-scaling-1536-350a3a
49765,2.5008299350738525,,,,tootsie-scaling-1536-350a3a
49909,2.4819116592407227,,,,tootsie-scaling-1536-350a3a
49999,,2.8617801666259766,2.5069637298583984,2.672931432723999,tootsie-scaling-1536-350a3a
