kind,quantizer,run_name,state,tokens,loss,params,total_gflops,gflops_bucket_gflops,gflops_bucket_flops,wandb_url,gflops_bucket,C_flops,T_star,P_star,loss_star,a,b,c,logT_star,a_under,a_over,seed,C_nom
isoflop,Delphi Scaling Suite (AdamH),isoflop-9e+18-d896-L10-B32-adamh_scaling_v6,finished,4728946688.0,3.406589984893799,358306688.0,9000084122.797867,9000000000.0,9e+18,https://wandb.ai/marin-community/marin/runs/isoflop-9e%2B18-d896-L10-B32-adamh_scaling_v6,,,,,,,,,,,,,
isoflop,Delphi Scaling Suite (AdamH),isoflop-9e+18-d512-L6-B64-adamh_scaling_v6,finished,12914786304.0,3.612959861755371,156508160.0,9000018258.40064,9000000000.0,9e+18,https://wandb.ai/marin-community/marin/runs/isoflop-9e%2B18-d512-L6-B64-adamh_scaling_v6,,,,,,,,,,,,,
isoflop,Delphi Scaling Suite (AdamH),isoflop-3e+18-d1024-L11-B8-adamh_scaling_v6,finished,1223393280.0,3.5897252559661865,447244032.0,2999996780.0131583,3000000000.0,3e+18,https://wandb.ai/marin-community/marin/runs/isoflop-3e%2B18-d1024-L11-B8-adamh_scaling_v6,,,,,,,,,,,,,
isoflop,Delphi Scaling Suite (AdamH),isoflop-9e+18-d1408-L15-B8-adamh_scaling_v6,finished,1806336000.0,3.4118924140930176,837007744.0,8999938427.977728,9000000000.0,9e+18,https://wandb.ai/marin-community/marin/runs/isoflop-9e%2B18-d1408-L15-B8-adamh_scaling_v6,,,,,,,,,,,,,
isoflop,Delphi Scaling Suite (AdamH),isoflop-9e+18-d1280-L13-B16-adamh_scaling_v6,finished,2336227328.0,3.39889144897461,669160448.0,9000107576.54053,9000000000.0,9e+18,https://wandb.ai/marin-community/marin/runs/isoflop-9e%2B18-d1280-L13-B16-adamh_scaling_v6,,,,,,,,,,,,,
isoflop,Delphi Scaling Suite (AdamH),isoflop-9e+18-d1024-L11-B16-adamh_scaling_v6,finished,3670212608.0,3.3922574520111084,447244032.0,9000070693.508875,9000000000.0,9e+18,https://wandb.ai/marin-community/marin/runs/isoflop-9e%2B18-d1024-L11-B16-adamh_scaling_v6,,,,,,,,,,,,,
isoflop,Delphi Scaling Suite (AdamH),isoflop-3e+18-d768-L8-B16-adamh_scaling_v6,finished,2225930240.0,3.6080822944641113,272513792.0,2999992672.9506817,3000000000.0,3e+18,https://wandb.ai/marin-community/marin/runs/isoflop-3e%2B18-d768-L8-B16-adamh_scaling_v6,,,,,,,,,,,,,
isoflop,Delphi Scaling Suite (AdamH),isoflop-3e+18-d640-L7-B16-adamh_scaling_v6,finished,3032612864.0,3.6375651359558105,210054272.0,2999998446.99734,3000000000.0,3e+18,https://wandb.ai/marin-community/marin/runs/isoflop-3e%2B18-d640-L7-B16-adamh_scaling_v6,,,,,,,,,,,,,
isoflop,Delphi Scaling Suite (AdamH),isoflop-3e+18-d512-L6-B32-adamh_scaling_v6,finished,4304928768.0,3.710956335067749,156508160.0,3000006086.133547,3000000000.0,3e+18,https://wandb.ai/marin-community/marin/runs/isoflop-3e%2B18-d512-L6-B32-adamh_scaling_v6,,,,,,,,,,,,,
isoflop,Delphi Scaling Suite (AdamH),isoflop-2e+19-d768-L8-B64-adamh_scaling_v6,finished,13355712512.0,3.379293918609619,272513792.0,18000132689.708973,18000000000.0,1.8e+19,https://wandb.ai/marin-community/marin/runs/isoflop-2e%2B19-d768-L8-B64-adamh_scaling_v6,,,,,,,,,,,,,
isoflop,Delphi Scaling Suite (AdamH),isoflop-2e+19-d640-L7-B128-adamh_scaling_v6,finished,18195939328.0,3.460998058319092,210054272.0,18000250006.740665,18000000000.0,1.8e+19,https://wandb.ai/marin-community/marin/runs/isoflop-2e%2B19-d640-L7-B128-adamh_scaling_v6,,,,,,,,,,,,,
isoflop,Delphi Scaling Suite (AdamH),isoflop-2e+19-d512-L6-B128-adamh_scaling_v6,finished,25829572608.0,3.5669121742248535,156508160.0,18000036516.80128,18000000000.0,1.8e+19,https://wandb.ai/marin-community/marin/runs/isoflop-2e%2B19-d512-L6-B128-adamh_scaling_v6,,,,,,,,,,,,,
isoflop,Delphi Scaling Suite (AdamH),isoflop-2e+19-d1792-L18-B8-adamh_scaling_v6,finished,2111995904.0,3.311973571777344,1384584448.0,18000138425.100925,18000000000.0,1.8e+19,https://wandb.ai/marin-community/marin/runs/isoflop-2e%2B19-d1792-L18-B8-adamh_scaling_v6,,,,,,,,,,,,,
isoflop,Delphi Scaling Suite (AdamH),isoflop-2e+19-d1280-L13-B32-adamh_scaling_v6,finished,4672454656.0,3.277182340621948,669160448.0,18000215153.08106,18000000000.0,1.8e+19,https://wandb.ai/marin-community/marin/runs/isoflop-2e%2B19-d1280-L13-B32-adamh_scaling_v6,,,,,,,,,,,,,
isoflop,Delphi Scaling Suite (AdamH),isoflop-9e+18-d768-L8-B32-adamh_scaling_v6,finished,6677856256.0,3.4505293369293213,272513792.0,9000066344.854486,9000000000.0,9e+18,https://wandb.ai/marin-community/marin/runs/isoflop-9e%2B18-d768-L8-B32-adamh_scaling_v6,,,,,,,,,,,,,
isoflop,Delphi Scaling Suite (AdamH),isoflop-3e+18-d896-L10-B8-adamh_scaling_v6,finished,1576304640.0,3.5860671997070312,358306688.0,3000007253.0224743,3000000000.0,3e+18,https://wandb.ai/marin-community/marin/runs/isoflop-3e%2B18-d896-L10-B8-adamh_scaling_v6,,,,,,,,,,,,,
isoflop,Delphi Scaling Suite (AdamH),isoflop-2e+19-d1408-L15-B16-adamh_scaling_v6,finished,3612672000.0,3.2743659019470215,837007744.0,17999876855.955456,18000000000.0,1.8e+19,https://wandb.ai/marin-community/marin/runs/isoflop-2e%2B19-d1408-L15-B16-adamh_scaling_v6,,,,,,,,,,,,,
isoflop,Delphi Scaling Suite (AdamH),isoflop-9e+18-d1536-L16-B8-adamh_scaling_v6,finished,1494777856.0,3.4297664165496826,998036992.0,8999942959.034008,9000000000.0,9e+18,https://wandb.ai/marin-community/marin/runs/isoflop-9e%2B18-d1536-L16-B8-adamh_scaling_v6,,,,,,,,,,,,,
isoflop,Delphi Scaling Suite (AdamH),isoflop-9e+18-d1152-L12-B16-adamh_scaling_v6,finished,2904358912.0,3.38401460647583,550337664.0,8999992079.50123,9000000000.0,9e+18,https://wandb.ai/marin-community/marin/runs/isoflop-9e%2B18-d1152-L12-B16-adamh_scaling_v6,,,,,,,,,,,,,
isoflop,Delphi Scaling Suite (AdamH),isoflop-2e+19-d896-L10-B64-adamh_scaling_v6,finished,9457893376.0,3.319996118545532,358306688.0,18000168245.595734,18000000000.0,1.8e+19,https://wandb.ai/marin-community/marin/runs/isoflop-2e%2B19-d896-L10-B64-adamh_scaling_v6,,,,,,,,,,,,,
isoflop,Delphi Scaling Suite (AdamH),isoflop-2e+19-d2304-L23-B8-adamh_scaling_v6,finished,1117061120.0,3.4183053970336914,2544614912.0,18000231235.049225,18000000000.0,1.8e+19,https://wandb.ai/marin-community/marin/runs/isoflop-2e%2B19-d2304-L23-B8-adamh_scaling_v6,,,,,,,,,,,,,
isoflop,Delphi Scaling Suite (AdamH),isoflop-2e+19-d2176-L22-B8-adamh_scaling_v6,finished,1281916928.0,3.3925981521606445,2224985216.0,18000127981.08264,18000000000.0,1.8e+19,https://wandb.ai/marin-community/marin/runs/isoflop-2e%2B19-d2176-L22-B8-adamh_scaling_v6,,,,,,,,,,,,,
isoflop,Delphi Scaling Suite (AdamH),isoflop-2e+19-d1664-L17-B16-adamh_scaling_v6,finished,2500722688.0,3.299975872039795,1180038272.0,17999964079.49348,18000000000.0,1.8e+19,https://wandb.ai/marin-community/marin/runs/isoflop-2e%2B19-d1664-L17-B16-adamh_scaling_v6,,,,,,,,,,,,,
isoflop,Delphi Scaling Suite (AdamH),isoflop-2e+19-d1024-L11-B32-adamh_scaling_v6,finished,7340425216.0,3.2910728454589844,447244032.0,18000141387.01775,18000000000.0,1.8e+19,https://wandb.ai/marin-community/marin/runs/isoflop-2e%2B19-d1024-L11-B32-adamh_scaling_v6,,,,,,,,,,,,,
isoflop,Delphi Scaling Suite (AdamH),isoflop-9e+19-d1792-L18-B64-adamh_scaling_v6,finished,10559946752.0,3.0414915084838867,1384584448.0,90000412850.08804,90000000000.0,9e+19,https://wandb.ai/marin-community/marin/runs/isoflop-9e%2B19-d1792-L18-B64-adamh_scaling_v6,,,,,,,,,,,,,
isoflop,Delphi Scaling Suite (AdamH),isoflop-3e+19-d2816-L28-B8-adamh_scaling_v6,finished,1095663616.0,3.394176959991455,4275080960.0,30000049287.47235,30000000000.0,3e+19,https://wandb.ai/marin-community/marin/runs/isoflop-3e%2B19-d2816-L28-B8-adamh_scaling_v6,,,,,,,,,,,,,
isoflop,Delphi Scaling Suite (AdamH),isoflop-3e+19-d2560-L26-B8-adamh_scaling_v6,finished,1387692032.0,3.345737934112549,3383110656.0,29999853720.43149,30000000000.0,3e+19,https://wandb.ai/marin-community/marin/runs/isoflop-3e%2B19-d2560-L26-B8-adamh_scaling_v6,,,,,,,,,,,,,
isoflop,Delphi Scaling Suite (AdamH),isoflop-2e+20-d768-L8-B512-adamh_scaling_v6,finished,133557125120.0,3.253106117248535,272513792.0,180001326897.08975,180000000000.0,1.8e+20,https://wandb.ai/marin-community/marin/runs/isoflop-2e%2B20-d768-L8-B512-adamh_scaling_v6,,,,,,,,,,,,,
isoflop,Delphi Scaling Suite (AdamH),isoflop-2e+20-d1280-L13-B256-adamh_scaling_v6,finished,46723497984.0,3.012056350708008,669160448.0,179998111985.21967,180000000000.0,1.8e+20,https://wandb.ai/marin-community/marin/runs/isoflop-2e%2B20-d1280-L13-B256-adamh_scaling_v6,,,,,,,,,,,,,
isoflop,Delphi Scaling Suite (AdamH),isoflop-9e+19-d3840-L37-B8-adamh_scaling_v6,finished,1443332096.0,3.2813875675201416,9714698752.0,90000163075.45964,90000000000.0,9e+19,https://wandb.ai/marin-community/marin/runs/isoflop-9e%2B19-d3840-L37-B8-adamh_scaling_v6,,,,,,,,,,,,,
isoflop,Delphi Scaling Suite (AdamH),isoflop-9e+19-d3072-L30-B16-adamh_scaling_v6,finished,2639331328.0,3.1687324047088623,5318048256.0,89999865190.2182,90000000000.0,9e+19,https://wandb.ai/marin-community/marin/runs/isoflop-9e%2B19-d3072-L30-B16-adamh_scaling_v6,,,,,,,,,,,,,
isoflop,Delphi Scaling Suite (AdamH),isoflop-2e+20-d1792-L18-B128-adamh_scaling_v6,finished,21119893504.0,2.951382875442505,1384584448.0,180000825700.1761,180000000000.0,1.8e+20,https://wandb.ai/marin-community/marin/runs/isoflop-2e%2B20-d1792-L18-B128-adamh_scaling_v6,,,,,,,,,,,,,
isoflop,Delphi Scaling Suite (AdamH),isoflop-9e+19-d1024-L11-B256-adamh_scaling_v6,finished,36702257152.0,3.1380486488342285,447244032.0,90001028348.96634,90000000000.0,9e+19,https://wandb.ai/marin-community/marin/runs/isoflop-9e%2B19-d1024-L11-B256-adamh_scaling_v6,,,,,,,,,,,,,
isoflop,Delphi Scaling Suite (AdamH),isoflop-2e+20-d1536-L16-B128-adamh_scaling_v6,finished,29895950336.0,2.966437339782715,998036992.0,180001226704.09265,180000000000.0,1.8e+20,https://wandb.ai/marin-community/marin/runs/isoflop-2e%2B20-d1536-L16-B128-adamh_scaling_v6,,,,,,,,,,,,,
isoflop,Delphi Scaling Suite (AdamH),isoflop-2e+20-d1024-L11-B512-adamh_scaling_v6,finished,73404514304.0,3.095740795135498,447244032.0,180002056697.93268,180000000000.0,1.8e+20,https://wandb.ai/marin-community/marin/runs/isoflop-2e%2B20-d1024-L11-B512-adamh_scaling_v6,,,,,,,,,,,,,
isoflop,Delphi Scaling Suite (AdamH),isoflop-9e+19-d3584-L35-B8-adamh_scaling_v6,finished,1726808064.0,3.2434897422790527,8112833792.0,89999783677.10764,90000000000.0,9e+19,https://wandb.ai/marin-community/marin/runs/isoflop-9e%2B19-d3584-L35-B8-adamh_scaling_v6,,,,,,,,,,,,,
isoflop,Delphi Scaling Suite (AdamH),isoflop-2e+20-d2816-L28-B32-adamh_scaling_v6,finished,6573916160.0,2.9988412857055664,4275080960.0,179998501302.5302,180000000000.0,1.8e+20,https://wandb.ai/marin-community/marin/runs/isoflop-2e%2B20-d2816-L28-B32-adamh_scaling_v6,,,,,,,,,,,,,
isoflop,Delphi Scaling Suite (AdamH),isoflop-9e+19-d2560-L26-B16-adamh_scaling_v6,finished,4163108864.0,3.097876787185669,3383110656.0,90000269557.09415,90000000000.0,9e+19,https://wandb.ai/marin-community/marin/runs/isoflop-9e%2B19-d2560-L26-B16-adamh_scaling_v6,,,,,,,,,,,,,
isoflop,Delphi Scaling Suite (AdamH),isoflop-9e+19-d3328-L33-B8-adamh_scaling_v6,finished,2089222144.0,3.2031402587890625,6701811712.0,89999855154.49025,90000000000.0,9e+19,https://wandb.ai/marin-community/marin/runs/isoflop-9e%2B19-d3328-L33-B8-adamh_scaling_v6,,,,,,,,,,,,,
isoflop,Delphi Scaling Suite (AdamH),isoflop-3e+20-d1792-L18-B256-adamh_scaling_v6,finished,35199647744.0,2.8962337970733643,1384584448.0,299999886698.0717,300000000000.0,3e+20,https://wandb.ai/marin-community/marin/runs/isoflop-3e%2B20-d1792-L18-B256-adamh_scaling_v6,,,,,,,,,,,,,
isoflop,Delphi Scaling Suite (AdamH),isoflop-2e+19-d2048-L21-B8-adamh_scaling_v6,finished,1480491008.0,3.3633460998535156,1934716160.0,17999872021.70133,18000000000.0,1.8e+19,https://wandb.ai/marin-community/marin/runs/isoflop-2e%2B19-d2048-L21-B8-adamh_scaling_v6,,,,,,,,,,,,,
isoflop,Delphi Scaling Suite (AdamH),isoflop-9e+19-d2048-L21-B32-adamh_scaling_v6,finished,7402553344.0,3.0490078926086426,1934716160.0,90000555292.67842,90000000000.0,9e+19,https://wandb.ai/marin-community/marin/runs/isoflop-9e%2B19-d2048-L21-B32-adamh_scaling_v6,,,,,,,,,,,,,
isoflop,Delphi Scaling Suite (AdamH),isoflop-3e+19-d1792-L18-B16-adamh_scaling_v6,finished,3519938560.0,3.2142884731292725,1384584448.0,29999765249.473904,30000000000.0,3e+19,https://wandb.ai/marin-community/marin/runs/isoflop-3e%2B19-d1792-L18-B16-adamh_scaling_v6,,,,,,,,,,,,,
isoflop,Delphi Scaling Suite (AdamH),isoflop-3e+19-d2304-L23-B8-adamh_scaling_v6,finished,1861746688.0,3.2888355255126953,2544614912.0,30000033377.839745,30000000000.0,3e+19,https://wandb.ai/marin-community/marin/runs/isoflop-3e%2B19-d2304-L23-B8-adamh_scaling_v6,,,,,,,,,,,,,
isoflop,Delphi Scaling Suite (AdamH),isoflop-2e+20-d3584-L35-B16-adamh_scaling_v6,finished,3453616128.0,3.087169647216797,8112833792.0,179999567354.21527,180000000000.0,1.8e+20,https://wandb.ai/marin-community/marin/runs/isoflop-2e%2B20-d3584-L35-B16-adamh_scaling_v6,,,,,,,,,,,,,
isoflop,Delphi Scaling Suite (AdamH),isoflop-2e+20-d2048-L21-B64-adamh_scaling_v6,finished,14805106688.0,2.94781494140625,1934716160.0,180001110585.35684,180000000000.0,1.8e+20,https://wandb.ai/marin-community/marin/runs/isoflop-2e%2B20-d2048-L21-B64-adamh_scaling_v6,,,,,,,,,,,,,
isoflop,Delphi Scaling Suite (AdamH),isoflop-2e+20-d3840-L37-B16-adamh_scaling_v6,finished,2886664192.0,3.119189739227295,9714698752.0,180000326150.91928,180000000000.0,1.8e+20,https://wandb.ai/marin-community/marin/runs/isoflop-2e%2B20-d3840-L37-B16-adamh_scaling_v6,,,,,,,,,,,,,
isoflop,Delphi Scaling Suite (AdamH),isoflop-9e+19-d4096-L40-B8-adamh_scaling_v6,finished,1189281792.0,3.3291478157043457,11788433408.0,90001014742.50995,90000000000.0,9e+19,https://wandb.ai/marin-community/marin/runs/isoflop-9e%2B19-d4096-L40-B8-adamh_scaling_v6,,,,,,,,,,,,,
isoflop,Delphi Scaling Suite (AdamH),isoflop-2e+20-d2560-L26-B32-adamh_scaling_v6,finished,8326217728.0,2.973424196243286,3383110656.0,180000539114.1883,180000000000.0,1.8e+20,https://wandb.ai/marin-community/marin/runs/isoflop-2e%2B20-d2560-L26-B32-adamh_scaling_v6,,,,,,,,,,,,,
isoflop,Delphi Scaling Suite (AdamH),isoflop-2e+20-d2304-L23-B64-adamh_scaling_v6,finished,11170480128.0,2.9600815773010254,2544614912.0,180000200267.03845,180000000000.0,1.8e+20,https://wandb.ai/marin-community/marin/runs/isoflop-2e%2B20-d2304-L23-B64-adamh_scaling_v6,,,,,,,,,,,,,
isoflop,Delphi Scaling Suite (AdamH),isoflop-2e+20-d3328-L33-B16-adamh_scaling_v6,finished,4178444288.0,3.054750680923462,6701811712.0,179999710308.9805,180000000000.0,1.8e+20,https://wandb.ai/marin-community/marin/runs/isoflop-2e%2B20-d3328-L33-B16-adamh_scaling_v6,,,,,,,,,,,,,
isoflop,Delphi Scaling Suite (AdamH),isoflop-3e+20-d2560-L26-B64-adamh_scaling_v6,finished,13877116928.0,2.89727520942688,3383110656.0,300002787579.113,300000000000.0,3e+20,https://wandb.ai/marin-community/marin/runs/isoflop-3e%2B20-d2560-L26-B64-adamh_scaling_v6,,,,,,,,,,,,,
isoflop,Delphi Scaling Suite (AdamH),isoflop-3e+20-d3328-L33-B32-adamh_scaling_v6,finished,6964117504.0,2.9574286937713623,6701811712.0,300001399295.3591,300000000000.0,3e+20,https://wandb.ai/marin-community/marin/runs/isoflop-3e%2B20-d3328-L33-B32-adamh_scaling_v6,,,,,,,,,,,,,
isoflop,Delphi Scaling Suite (AdamH),isoflop-9e+19-d2304-L23-B32-adamh_scaling_v6,finished,5585240064.0,3.0704126358032227,2544614912.0,90000100133.51923,90000000000.0,9e+19,https://wandb.ai/marin-community/marin/runs/isoflop-9e%2B19-d2304-L23-B32-adamh_scaling_v6,,,,,,,,,,,,,
isoflop,Delphi Scaling Suite (AdamH),isoflop-9e+19-d1536-L16-B64-adamh_scaling_v6,finished,14947975168.0,3.039869785308838,998036992.0,90000613352.04633,90000000000.0,9e+19,https://wandb.ai/marin-community/marin/runs/isoflop-9e%2B19-d1536-L16-B64-adamh_scaling_v6,,,,,,,,,,,,,
isoflop,Delphi Scaling Suite (AdamH),isoflop-9e+19-d1280-L13-B128-adamh_scaling_v6,finished,23361748992.0,3.0729236602783203,669160448.0,89999055992.60983,90000000000.0,9e+19,https://wandb.ai/marin-community/marin/runs/isoflop-9e%2B19-d1280-L13-B128-adamh_scaling_v6,,,,,,,,,,,,,
isoflop,Delphi Scaling Suite (AdamH),isoflop-2e+20-d3072-L30-B32-adamh_scaling_v6,finished,5278662656.0,3.027679920196533,5318048256.0,179999730380.4364,180000000000.0,1.8e+20,https://wandb.ai/marin-community/marin/runs/isoflop-2e%2B20-d3072-L30-B32-adamh_scaling_v6,,,,,,,,,,,,,
isoflop,Delphi Scaling Suite (AdamH),isoflop-3e+20-d1024-L11-B512-adamh_scaling_v6,finished,122339459072.0,3.068567276000977,447244032.0,299999999415.1934,300000000000.0,3e+20,https://wandb.ai/marin-community/marin/runs/isoflop-3e%2B20-d1024-L11-B512-adamh_scaling_v6,,,,,,,,,,,,,
isoflop,Delphi Scaling Suite (AdamH),isoflop-3e+20-d2304-L23-B128-adamh_scaling_v6,finished,18617466880.0,2.891209125518799,2544614912.0,300000333778.3974,300000000000.0,3e+20,https://wandb.ai/marin-community/marin/runs/isoflop-3e%2B20-d2304-L23-B128-adamh_scaling_v6,,,,,,,,,,,,,
isoflop,Delphi Scaling Suite (AdamH),isoflop-3e+20-d1536-L16-B256-adamh_scaling_v6,finished,49826234368.0,2.9202404022216797,998036992.0,299999940041.56555,300000000000.0,3e+20,https://wandb.ai/marin-community/marin/runs/isoflop-3e%2B20-d1536-L16-B256-adamh_scaling_v6,,,,,,,,,,,,,
isoflop,Delphi Scaling Suite (AdamH),isoflop-3e+20-d3072-L30-B64-adamh_scaling_v6,finished,8797814784.0,2.935249090194702,5318048256.0,300001040463.7264,300000000000.0,3e+20,https://wandb.ai/marin-community/marin/runs/isoflop-3e%2B20-d3072-L30-B64-adamh_scaling_v6,,,,,,,,,,,,,
isoflop,Delphi Scaling Suite (AdamH),isoflop-3e+20-d4096-L40-B16-adamh_scaling_v6,finished,3964207104.0,3.0395352840423584,11788433408.0,299998422921.6776,300000000000.0,3e+20,https://wandb.ai/marin-community/marin/runs/isoflop-3e%2B20-d4096-L40-B16-adamh_scaling_v6,,,,,,,,,,,,,
isoflop,Delphi Scaling Suite (AdamH),isoflop-3e+19-d768-L8-B128-adamh_scaling_v6,finished,22259171328.0,3.3404202461242676,272513792.0,29999750077.50193,30000000000.0,3e+19,https://wandb.ai/marin-community/marin/runs/isoflop-3e%2B19-d768-L8-B128-adamh_scaling_v6,,,,,,,,,,,,,
isoflop,Delphi Scaling Suite (AdamH),isoflop-2e+19-d1152-L12-B32-adamh_scaling_v6,finished,5808717824.0,3.2801008224487305,550337664.0,17999984159.00246,18000000000.0,1.8e+19,https://wandb.ai/marin-community/marin/runs/isoflop-2e%2B19-d1152-L12-B32-adamh_scaling_v6,,,,,,,,,,,,,
isoflop,Delphi Scaling Suite (AdamH),isoflop-9e+18-d640-L7-B64-adamh_scaling_v6,finished,9097969664.0,3.513423442840576,210054272.0,9000125003.370333,9000000000.0,9e+18,https://wandb.ai/marin-community/marin/runs/isoflop-9e%2B18-d640-L7-B64-adamh_scaling_v6,,,,,,,,,,,,,
isoflop,Delphi Scaling Suite (AdamH),isoflop-3e+19-d2048-L21-B16-adamh_scaling_v6,finished,2467495936.0,3.2531776428222656,1934716160.0,29999919501.07686,30000000000.0,3e+19,https://wandb.ai/marin-community/marin/runs/isoflop-3e%2B19-d2048-L21-B16-adamh_scaling_v6,,,,,,,,,,,,,
isoflop,Delphi Scaling Suite (AdamH),isoflop-3e+20-d3840-L37-B32-adamh_scaling_v6,finished,4811128832.0,3.01291823387146,9714698752.0,300001905768.64,300000000000.0,3e+20,https://wandb.ai/marin-community/marin/runs/isoflop-3e%2B20-d3840-L37-B32-adamh_scaling_v6,,,,,,,,,,,,,
isoflop,Delphi Scaling Suite (AdamH),isoflop-2e+19-d1536-L16-B16-adamh_scaling_v6,finished,2989555712.0,3.285994291305542,998036992.0,17999885918.068016,18000000000.0,1.8e+19,https://wandb.ai/marin-community/marin/runs/isoflop-2e%2B19-d1536-L16-B16-adamh_scaling_v6,,,,,,,,,,,,,
isoflop,Delphi Scaling Suite (AdamH),isoflop-9e+19-d2816-L28-B16-adamh_scaling_v6,finished,3286958080.0,3.1302309036254883,4275080960.0,89999250651.2651,90000000000.0,9e+19,https://wandb.ai/marin-community/marin/runs/isoflop-9e%2B19-d2816-L28-B16-adamh_scaling_v6,,,,,,,,,,,,,
isoflop,Delphi Scaling Suite (AdamH),isoflop-9e+19-d768-L8-B256-adamh_scaling_v6,finished,66778562560.0,3.2785634994506836,272513792.0,90000663448.54488,90000000000.0,9e+19,https://wandb.ai/marin-community/marin/runs/isoflop-9e%2B19-d768-L8-B256-adamh_scaling_v6,,,,,,,,,,,,,
isoflop,Delphi Scaling Suite (AdamH),isoflop-2e+19-d1920-L19-B8-adamh_scaling_v6,finished,1799094272.0,3.338870048522949,1613248384.0,18000071180.408585,18000000000.0,1.8e+19,https://wandb.ai/marin-community/marin/runs/isoflop-2e%2B19-d1920-L19-B8-adamh_scaling_v6,,,,,,,,,,,,,
isoflop,Delphi Scaling Suite (AdamH),isoflop-3e+19-d1536-L16-B32-adamh_scaling_v6,finished,4982571008.0,3.200052499771118,998036992.0,29999678334.368217,30000000000.0,3e+19,https://wandb.ai/marin-community/marin/runs/isoflop-3e%2B19-d1536-L16-B32-adamh_scaling_v6,,,,,,,,,,,,,
isoflop,Delphi Scaling Suite (AdamH),isoflop-3e+19-d1280-L13-B32-adamh_scaling_v6,finished,7787380736.0,3.1965575218200684,669160448.0,30000190274.06881,30000000000.0,3e+19,https://wandb.ai/marin-community/marin/runs/isoflop-3e%2B19-d1280-L13-B32-adamh_scaling_v6,,,,,,,,,,,,,
isoflop,Delphi Scaling Suite (AdamH),isoflop-3e+19-d1024-L11-B64-adamh_scaling_v6,finished,12233998336.0,3.230313301086426,447244032.0,30000128507.07038,30000000000.0,3e+19,https://wandb.ai/marin-community/marin/runs/isoflop-3e%2B19-d1024-L11-B64-adamh_scaling_v6,,,,,,,,,,,,,
isoflop,Delphi Scaling Suite (AdamH),isoflop-9e+18-d1664-L17-B8-adamh_scaling_v6,finished,1250361344.0,3.450021266937256,1180038272.0,8999982039.74674,9000000000.0,9e+18,https://wandb.ai/marin-community/marin/runs/isoflop-9e%2B18-d1664-L17-B8-adamh_scaling_v6,,,,,,,,,,,,,
isoflop,Delphi Scaling Suite (AdamH),isoflop-3e+20-d768-L8-B1024-adamh_scaling_v6,finished,222591713280.0,3.23787260055542,272513792.0,299997500775.0193,300000000000.0,3e+20,https://wandb.ai/marin-community/marin/runs/isoflop-3e%2B20-d768-L8-B1024-adamh_scaling_v6,,,,,,,,,,,,,
isoflop,Delphi Scaling Suite (AdamH),isoflop-3e+20-d2816-L28-B64-adamh_scaling_v6,finished,10956570624.0,2.916099548339844,4275080960.0,299998698452.4196,300000000000.0,3e+20,https://wandb.ai/marin-community/marin/runs/isoflop-3e%2B20-d2816-L28-B64-adamh_scaling_v6,,,,,,,,,,,,,
isoflop,Delphi Scaling Suite (AdamH),isoflop-3e+20-d2048-L21-B128-adamh_scaling_v6,finished,24675090432.0,2.884681701660156,1934716160.0,300000788589.66425,300000000000.0,3e+20,https://wandb.ai/marin-community/marin/runs/isoflop-3e%2B20-d2048-L21-B128-adamh_scaling_v6,,,,,,,,,,,,,
isoflop,Delphi Scaling Suite (AdamH),isoflop-3e+20-d3584-L35-B32-adamh_scaling_v6,finished,5756026880.0,2.9885334968566895,8112833792.0,299999278923.69214,300000000000.0,3e+20,https://wandb.ai/marin-community/marin/runs/isoflop-3e%2B20-d3584-L35-B32-adamh_scaling_v6,,,,,,,,,,,,,
isoflop,Delphi Scaling Suite (AdamH),isoflop-2e+20-d4096-L40-B16-adamh_scaling_v6,finished,2378563584.0,3.1600632667541504,11788433408.0,180002029485.0199,180000000000.0,1.8e+20,https://wandb.ai/marin-community/marin/runs/isoflop-2e%2B20-d4096-L40-B16-adamh_scaling_v6,,,,,,,,,,,,,
isoflop,Delphi Scaling Suite (AdamH),isoflop-3e+20-d1280-L13-B512-adamh_scaling_v6,finished,77873545216.0,2.9798991680145264,669160448.0,300000892854.29034,300000000000.0,3e+20,https://wandb.ai/marin-community/marin/runs/isoflop-3e%2B20-d1280-L13-B512-adamh_scaling_v6,,,,,,,,,,,,,
optimum,Delphi Scaling Suite (AdamH),,,,,,,,,,3000000000.0,3e+18,1479419846.4349046,380691293.43636155,3.5861880885612223,,,,,,,,
optimum,Delphi Scaling Suite (AdamH),,,,,,,,,,9000000000.0,9e+18,2898203413.9101396,558458701.5025691,3.3857490911973898,,,,,,,,
optimum,Delphi Scaling Suite (AdamH),,,,,,,,,,18000000000.0,1.8e+19,4202416947.878179,753603925.2293388,3.2705098587879107,,,,,,,,
optimum,Delphi Scaling Suite (AdamH),,,,,,,,,,30000000000.0,3e+19,5697236384.014713,909880015.6074183,3.194910554360341,,,,,,,,
optimum,Delphi Scaling Suite (AdamH),,,,,,,,,,90000000000.0,9e+19,10246124083.96986,1478431211.2476888,3.0410230302917114,,,,,,,,
optimum,Delphi Scaling Suite (AdamH),,,,,,,,,,180000000000.0,1.8e+20,15402871298.447655,1936095968.2676406,2.9463606138420815,,,,,,,,
optimum,Delphi Scaling Suite (AdamH),,,,,,,,,,300000000000.0,3e+20,20875750175.55337,2353770604.5887556,2.8829059351910544,,,,,,,,
fit,Delphi Scaling Suite (AdamH),,,,,,,,,,3000000000.0,3e+18,1479419846.4349046,380691293.43636155,3.5861880885612223,0.5732953357655423,-10.514341302730667,51.79492367973987,9.170091440470628,0.5193747907354627,0.5733394159318659,,
fit,Delphi Scaling Suite (AdamH),,,,,,,,,,9000000000.0,9e+18,2898203413.9101396,558458701.5025691,3.3857490911973898,0.5283811119210181,-9.999220340270968,50.69270478922498,9.462128863688111,0.5073648956175604,0.5305387749034941,,
fit,Delphi Scaling Suite (AdamH),,,,,,,,,,18000000000.0,1.8e+19,4202416947.878179,753603925.2293388,3.2705098587879107,0.46493426341661637,-8.948588967604321,46.32887897245253,9.623499139259723,0.4575896286655383,0.4678543324869722,,
fit,Delphi Scaling Suite (AdamH),,,,,,,,,,30000000000.0,3e+19,5697236384.014713,909880015.6074183,3.194910554360341,0.39788052257399176,-7.7631775710519095,41.06238746036791,9.755664239141327,0.39554913337098463,0.4061486994139243,,
fit,Delphi Scaling Suite (AdamH),,,,,,,,,,90000000000.0,9e+19,10246124083.96986,1478431211.2476888,3.0410230302917114,0.338922216969871,-6.785602112953769,37.004860254494574,10.010559611022764,0.3366893694327623,0.34737155665827024,,
fit,Delphi Scaling Suite (AdamH),,,,,,,,,,180000000000.0,1.8e+20,15402871298.447655,1936095968.2676406,2.9463606138420815,0.3356739652163163,-6.839425308374326,37.78503101734401,10.187601686605092,0.3317362886907426,0.3396780800731469,,
fit,Delphi Scaling Suite (AdamH),,,,,,,,,,300000000000.0,3e+20,20875750175.55337,2353770604.5887556,2.8829059351910544,0.32496314992367503,-6.707006799901958,37.489860773375476,10.319642090922079,0.3179616558822479,0.3276544473066483,,
held_out,Delphi Scaling Suite (AdamH),adamh-scaling-ladder-nemotron-optimal-1e+22-v5-025b0e,finished,160369213440.0,2.530787467956543,9714698752.0,9999954550919.371,,,https://wandb.ai/marin-community/marin/runs/adamh-scaling-ladder-nemotron-optimal-1e%2B22-v5-025b0e,,9.999954550919371e+21,,,,,,,,,,default,1e+22
held_out,Delphi Scaling Suite (AdamH),adamh-scaling-ladder-nemotron-optimal-1e+21-v5-019021,finished,46256881664.0,2.758140563964844,3383110656.0,1000005513819.445,,,https://wandb.ai/marin-community/marin/runs/adamh-scaling-ladder-nemotron-optimal-1e%2B21-v5-019021,,1.000005513819445e+21,,,,,,,,,,default,1e+21
held_out,Delphi Scaling Suite (AdamH),adamh-scaling-ladder-nemotron-optimal-1e+23-v5-27f2fb,finished,628172521472.0,2.3546013832092285,24963098112.0,100000934475435.12,,,https://wandb.ai/marin-community/marin/runs/adamh-scaling-ladder-nemotron-optimal-1e%2B23-v5-27f2fb,,1.0000093447543512e+23,,,,,,,,,,default,1.0000000000000001e+23
held_out,Delphi Scaling Suite (AdamH),adamh-scaling-ladder-nemotron-optimal-1e+21-v5-seed42-e251d0,finished,46256881664.0,2.760561943054199,3383110656.0,1000005513819.445,,,https://wandb.ai/marin-community/marin/runs/adamh-scaling-ladder-nemotron-optimal-1e%2B21-v5-seed42-e251d0,,1.000005513819445e+21,,,,,,,,,,42,1e+21
held_out,Delphi Scaling Suite (AdamH),adamh-scaling-ladder-nemotron-optimal-1e+21-v5-seed62746-659a1b,finished,46256881664.0,2.759509563446045,3383110656.0,1000005513819.445,,,https://wandb.ai/marin-community/marin/runs/adamh-scaling-ladder-nemotron-optimal-1e%2B21-v5-seed62746-659a1b,,1.000005513819445e+21,,,,,,,,,,62746,1e+21
held_out,Delphi Scaling Suite (AdamH),adamh-scaling-ladder-nemotron-optimal-1e+22-v5-seed42-deeff4,finished,160369213440.0,2.534245729446411,9714698752.0,9999954550919.371,,,https://wandb.ai/marin-community/marin/runs/adamh-scaling-ladder-nemotron-optimal-1e%2B22-v5-seed42-deeff4,,9.999954550919371e+21,,,,,,,,,,42,1e+22
held_out,Delphi Scaling Suite (AdamH),adamh-scaling-ladder-nemotron-optimal-1e+22-v5-seed62746-10f597,finished,160369213440.0,2.531137466430664,9714698752.0,9999954550919.371,,,https://wandb.ai/marin-community/marin/runs/adamh-scaling-ladder-nemotron-optimal-1e%2B22-v5-seed62746-10f597,,9.999954550919371e+21,,,,,,,,,,62746,1e+22
