_step,train/CE loss,_segment
2,1.1813617944717407,u0waaxom
19,1.166674256324768,u0waaxom
31,1.2337371110916138,u0waaxom
48,1.1608939170837402,u0waaxom
54,1.150415062904358,u0waaxom
55,1.188962459564209,u0waaxom
56,1.146601915359497,u0waaxom
61,1.1740285158157349,u0waaxom
63,1.199987530708313,u0waaxom
74,1.2158702611923218,u0waaxom
82,1.166723370552063,u0waaxom
88,1.259312629699707,u0waaxom
96,1.1613844633102417,u0waaxom
117,1.2037920951843262,u0waaxom
122,1.1489410400390625,u0waaxom
130,1.2047876119613647,u0waaxom
131,1.1356309652328491,u0waaxom
152,1.2086694240570068,u0waaxom
160,1.2480192184448242,u0waaxom
163,1.1756412982940674,u0waaxom
177,1.2076343297958374,u0waaxom
182,1.162087321281433,u0waaxom
184,1.136598825454712,u0waaxom
185,1.1778143644332886,u0waaxom
189,1.2169777154922485,u0waaxom
196,1.1653422117233276,u0waaxom
200,1.2265673875808716,u0waaxom
224,1.1557931900024414,u0waaxom
228,1.1849974393844604,u0waaxom
258,1.2388767004013062,u0waaxom
262,1.1620395183563232,u0waaxom
263,1.1891417503356934,u0waaxom
270,1.1875407695770264,u0waaxom
274,1.1842741966247559,u0waaxom
275,1.1742745637893677,u0waaxom
280,1.1922348737716675,u0waaxom
282,1.1264255046844482,u0waaxom
284,1.1791163682937622,u0waaxom
291,1.1352739334106445,u0waaxom
295,1.2133933305740356,u0waaxom
303,1.1880007982254028,u0waaxom
314,1.1996965408325195,u0waaxom
317,1.175978183746338,u0waaxom
322,1.1631300449371338,u0waaxom
323,1.1806588172912598,u0waaxom
331,1.210625410079956,u0waaxom
332,1.1873373985290527,u0waaxom
344,1.1701065301895142,u0waaxom
353,1.1792653799057007,u0waaxom
361,1.1771202087402344,u0waaxom
371,1.1837115287780762,u0waaxom
378,1.2050085067749023,u0waaxom
397,1.1383798122406006,u0waaxom
406,1.1624380350112915,u0waaxom
425,1.2386529445648193,u0waaxom
429,1.230634331703186,u0waaxom
430,1.2079590559005737,u0waaxom
445,1.177439570426941,u0waaxom
446,1.2113990783691406,u0waaxom
469,1.271189570426941,u0waaxom
480,1.2157350778579712,u0waaxom
491,1.2049449682235718,u0waaxom
493,1.2093009948730469,u0waaxom
502,1.1958801746368408,u0waaxom
519,1.1770811080932617,u0waaxom
524,1.1811600923538208,u0waaxom
539,1.152019739151001,u0waaxom
542,1.185764193534851,u0waaxom
546,1.1819394826889038,u0waaxom
548,1.224918007850647,u0waaxom
565,1.1819236278533936,u0waaxom
571,1.205578327178955,u0waaxom
612,1.1899471282958984,u0waaxom
614,1.2005754709243774,u0waaxom
618,1.1510133743286133,u0waaxom
623,1.2033015489578247,u0waaxom
626,1.168355107307434,u0waaxom
638,1.266420602798462,u0waaxom
643,1.2145942449569702,u0waaxom
644,1.1343759298324585,u0waaxom
650,1.2173793315887451,u0waaxom
653,1.196728229522705,u0waaxom
654,1.1665711402893066,u0waaxom
677,1.2059050798416138,u0waaxom
681,1.228777289390564,u0waaxom
693,1.2018563747406006,u0waaxom
699,1.199344277381897,u0waaxom
708,1.2120848894119263,u0waaxom
714,1.2383304834365845,u0waaxom
721,1.2261147499084473,u0waaxom
730,1.2314214706420898,u0waaxom
734,1.2047882080078125,u0waaxom
752,1.2003488540649414,u0waaxom
757,1.2603942155838013,u0waaxom
769,1.2789617776870728,u0waaxom
783,1.1661975383758545,u0waaxom
791,1.191401481628418,u0waaxom
803,1.2080988883972168,u0waaxom
837,1.2079137563705444,u0waaxom
839,1.2509127855300903,u0waaxom
841,1.2181283235549927,u0waaxom
847,1.2570985555648804,u0waaxom
855,1.2571218013763428,u0waaxom
868,1.2042514085769653,u0waaxom
877,1.167759656906128,u0waaxom
884,1.202658772468567,u0waaxom
885,1.242087721824646,u0waaxom
904,1.2253139019012451,u0waaxom
905,1.1912643909454346,u0waaxom
910,1.226561188697815,u0waaxom
912,1.1905226707458496,u0waaxom
920,1.236850619316101,u0waaxom
922,1.2054767608642578,u0waaxom
925,1.1896857023239136,u0waaxom
928,1.1833088397979736,u0waaxom
940,1.1996232271194458,u0waaxom
941,1.1570218801498413,u0waaxom
946,1.238311767578125,u0waaxom
948,1.228392243385315,u0waaxom
972,1.289197325706482,u0waaxom
982,1.1900513172149658,u0waaxom
993,1.1653375625610352,u0waaxom
998,1.1655666828155518,u0waaxom
1001,1.1792877912521362,u0waaxom
1034,1.2220458984375,u0waaxom
1035,1.2498786449432373,u0waaxom
1037,1.1546696424484253,u0waaxom
1042,1.1780177354812622,u0waaxom
1043,1.2175610065460205,u0waaxom
1049,1.265014886856079,u0waaxom
1056,1.210862159729004,u0waaxom
1068,1.2594565153121948,u0waaxom
1071,1.194114089012146,u0waaxom
1073,1.2624512910842896,u0waaxom
1076,1.232101321220398,u0waaxom
1084,1.2093359231948853,u0waaxom
1101,1.2111246585845947,u0waaxom
1130,1.2380166053771973,u0waaxom
1134,1.1672271490097046,u0waaxom
1143,1.2185734510421753,u0waaxom
1151,1.1837066411972046,u0waaxom
1153,1.2376104593276978,u0waaxom
1155,1.193873405456543,u0waaxom
1165,1.1952693462371826,u0waaxom
1171,1.2209359407424927,u0waaxom
1183,1.1874366998672485,u0waaxom
1208,1.2086111307144165,u0waaxom
1210,1.1485059261322021,u0waaxom
1213,1.1901652812957764,u0waaxom
1214,1.2381962537765503,u0waaxom
1220,1.2712726593017578,u0waaxom
1264,1.1877280473709106,u0waaxom
1266,1.1753345727920532,u0waaxom
1280,1.2022520303726196,u0waaxom
1313,1.2081738710403442,u0waaxom
1328,1.1469002962112427,u0waaxom
1359,1.1466765403747559,u0waaxom
1363,1.1897757053375244,u0waaxom
1371,1.17516028881073,u0waaxom
1372,1.217618703842163,u0waaxom
1382,1.237817406654358,u0waaxom
1397,1.1729236841201782,u0waaxom
1400,1.2159392833709717,u0waaxom
1413,1.1971409320831299,u0waaxom
1426,1.1840221881866455,u0waaxom
1433,1.1595598459243774,u0waaxom
1443,1.1920809745788574,u0waaxom
1447,1.2348400354385376,u0waaxom
1454,1.1554137468338013,u0waaxom
1456,1.1889464855194092,u0waaxom
1458,1.2259682416915894,u0waaxom
1467,1.1592861413955688,u0waaxom
1472,1.2089300155639648,u0waaxom
1484,1.234968662261963,u0waaxom
1486,1.1973118782043457,u0waaxom
1491,1.228592038154602,u0waaxom
1505,1.2157410383224487,u0waaxom
1514,1.2265682220458984,u0waaxom
1528,1.1805846691131592,u0waaxom
1531,1.1738452911376953,u0waaxom
1532,1.2086522579193115,u0waaxom
1533,1.1584630012512207,u0waaxom
1543,1.2711443901062012,u0waaxom
1548,1.1404404640197754,u0waaxom
1551,1.1587294340133667,u0waaxom
1564,1.134863257408142,u0waaxom
1574,1.1756774187088013,u0waaxom
1578,1.2323800325393677,u0waaxom
1579,1.2079328298568726,u0waaxom
1588,1.2354713678359985,u0waaxom
1599,1.191763997077942,u0waaxom
1607,1.262402057647705,u0waaxom
1609,1.2060401439666748,u0waaxom
1624,1.2159624099731445,u0waaxom
1633,1.2066344022750854,u0waaxom
1641,1.2406612634658813,u0waaxom
1653,1.1894557476043701,u0waaxom
1669,1.2273104190826416,u0waaxom
1671,1.1356754302978516,u0waaxom
1681,1.1818065643310547,u0waaxom
1682,1.2457191944122314,u0waaxom
1684,1.204614520072937,u0waaxom
1685,1.1722267866134644,u0waaxom
1694,1.1627088785171509,u0waaxom
1697,1.2536002397537231,u0waaxom
1701,1.1859341859817505,u0waaxom
1702,1.2509748935699463,u0waaxom
1710,1.1917964220046997,u0waaxom
1721,1.1939705610275269,u0waaxom
1725,1.178171992301941,u0waaxom
1732,1.224626064300537,u0waaxom
1738,1.174553394317627,u0waaxom
1741,1.2108333110809326,u0waaxom
1749,1.2072135210037231,u0waaxom
1755,1.2096738815307617,u0waaxom
1760,1.1691043376922607,u0waaxom
1770,1.1951813697814941,u0waaxom
1796,1.230907917022705,u0waaxom
1797,1.2206090688705444,u0waaxom
1821,1.188103437423706,u0waaxom
1843,1.203212857246399,u0waaxom
1844,1.1997450590133667,u0waaxom
1855,1.1945387125015259,u0waaxom
1858,1.217434287071228,u0waaxom
1860,1.2197741270065308,u0waaxom
1875,1.2000340223312378,u0waaxom
1904,1.1801456212997437,u0waaxom
1908,1.2475857734680176,u0waaxom
1910,1.1842517852783203,u0waaxom
1914,1.2131521701812744,u0waaxom
1917,1.222858190536499,u0waaxom
1921,1.2204545736312866,u0waaxom
1922,1.172910213470459,u0waaxom
1924,1.1705098152160645,u0waaxom
1926,1.2131482362747192,u0waaxom
1945,1.156511902809143,u0waaxom
1957,1.218923807144165,u0waaxom
1961,1.2042603492736816,u0waaxom
1967,1.1791887283325195,u0waaxom
1969,1.185565710067749,u0waaxom
1995,1.1867159605026245,u0waaxom
2002,1.1715084314346313,u0waaxom
2009,1.1699403524398804,u0waaxom
2029,1.2480921745300293,u0waaxom
2035,1.2826963663101196,u0waaxom
2036,1.2348328828811646,u0waaxom
2057,1.2042036056518555,u0waaxom
2059,1.190448522567749,u0waaxom
2073,1.1688627004623413,u0waaxom
2080,1.194959282875061,u0waaxom
2084,1.1730214357376099,u0waaxom
2109,1.2224323749542236,u0waaxom
2110,1.2486518621444702,u0waaxom
2127,1.1932239532470703,u0waaxom
2133,1.1835017204284668,u0waaxom
2138,1.1673829555511475,u0waaxom
2141,1.2379807233810425,u0waaxom
2146,1.190680980682373,u0waaxom
2154,1.1616263389587402,u0waaxom
2168,1.2194130420684814,u0waaxom
2174,1.1966001987457275,u0waaxom
2184,1.1484230756759644,u0waaxom
2191,1.2622395753860474,u0waaxom
2199,1.2336342334747314,u0waaxom
2202,1.2105103731155396,u0waaxom
2206,1.2249090671539307,u0waaxom
2210,1.2561558485031128,u0waaxom
2216,1.1816596984863281,u0waaxom
2225,1.1865397691726685,u0waaxom
2246,1.239561915397644,u0waaxom
2261,1.178638219833374,u0waaxom
2267,1.2507517337799072,u0waaxom
2272,1.2349485158920288,u0waaxom
2278,1.1602450609207153,u0waaxom
2315,1.2269619703292847,u0waaxom
2327,1.1825834512710571,u0waaxom
2334,1.1745035648345947,u0waaxom
2339,1.2426294088363647,u0waaxom
2357,1.206112027168274,u0waaxom
2368,1.2082146406173706,u0waaxom
2375,1.219609022140503,u0waaxom
2376,1.2141244411468506,u0waaxom
2378,1.2040908336639404,u0waaxom
2385,1.1586722135543823,u0waaxom
2389,1.2634034156799316,u0waaxom
2405,1.2304438352584839,u0waaxom
2407,1.2068300247192383,u0waaxom
2414,1.206102728843689,u0waaxom
2418,1.1649978160858154,u0waaxom
2423,1.2093696594238281,u0waaxom
2434,1.2061954736709595,u0waaxom
2440,1.1957248449325562,u0waaxom
2446,1.298134207725525,u0waaxom
2453,1.1524754762649536,u0waaxom
2456,1.1923195123672485,u0waaxom
2458,1.189029574394226,u0waaxom
2460,1.15114164352417,u0waaxom
2462,1.207103967666626,u0waaxom
2464,1.222027063369751,u0waaxom
2465,1.1889503002166748,u0waaxom
2474,1.2133972644805908,u0waaxom
2478,1.161851167678833,u0waaxom
2486,1.2273496389389038,u0waaxom
2501,1.2143096923828125,u0waaxom
2508,1.2154573202133179,u0waaxom
2516,1.2255607843399048,u0waaxom
2519,1.0954084396362305,u0waaxom
2534,1.2087295055389404,u0waaxom
2555,1.1826732158660889,u0waaxom
2558,1.1934553384780884,u0waaxom
2567,1.2349377870559692,u0waaxom
2581,1.2318015098571777,u0waaxom
2589,1.1918590068817139,u0waaxom
2607,1.1961524486541748,u0waaxom
2610,1.1909010410308838,u0waaxom
2612,1.2110764980316162,u0waaxom
2616,1.2286981344223022,u0waaxom
2621,1.162405014038086,u0waaxom
2633,1.1872897148132324,u0waaxom
2635,1.1605404615402222,u0waaxom
2636,1.2376481294631958,u0waaxom
2637,1.1946794986724854,u0waaxom
2655,1.1858893632888794,u0waaxom
2679,1.192222237586975,u0waaxom
2702,1.1744905710220337,u0waaxom
2723,1.2545406818389893,u0waaxom
2725,1.2502315044403076,u0waaxom
2738,1.2404292821884155,u0waaxom
2741,1.2065508365631104,u0waaxom
2749,1.187483787536621,u0waaxom
2756,1.1306583881378174,u0waaxom
2758,1.197981595993042,u0waaxom
2767,1.1574534177780151,u0waaxom
2778,1.163467526435852,u0waaxom
2779,1.0826070308685303,u0waaxom
2786,1.2185722589492798,u0waaxom
2787,1.1921824216842651,u0waaxom
2788,1.168605089187622,u0waaxom
2796,1.211870551109314,u0waaxom
2818,1.2241111993789673,u0waaxom
2824,1.1620670557022095,u0waaxom
2825,1.2209181785583496,u0waaxom
2837,1.1337330341339111,u0waaxom
2838,1.2067099809646606,u0waaxom
2839,1.1986956596374512,u0waaxom
2843,1.1633243560791016,u0waaxom
2845,1.1642698049545288,u0waaxom
2848,1.2075843811035156,u0waaxom
2852,1.1612670421600342,u0waaxom
2853,1.168433666229248,u0waaxom
2859,1.2350877523422241,u0waaxom
2864,1.1911970376968384,u0waaxom
2909,1.1491745710372925,u0waaxom
2923,1.1428037881851196,u0waaxom
2943,1.1427292823791504,u0waaxom
2974,1.1540031433105469,u0waaxom
2976,1.206617832183838,u0waaxom
2981,1.1490061283111572,u0waaxom
2985,1.2366020679473877,u0waaxom
3007,1.1368000507354736,u0waaxom
3036,1.1913964748382568,u0waaxom
3046,1.1883463859558105,u0waaxom
3063,1.174784779548645,u0waaxom
3064,1.2004235982894897,u0waaxom
3065,1.1708396673202515,u0waaxom
3071,1.2034187316894531,u0waaxom
3077,1.2491062879562378,u0waaxom
3092,1.274784803390503,u0waaxom
3093,1.1677041053771973,u0waaxom
3104,1.1908470392227173,u0waaxom
3123,1.206069827079773,u0waaxom
3129,1.1576792001724243,u0waaxom
3153,1.2620971202850342,u0waaxom
3157,1.2085471153259277,u0waaxom
3175,1.1582579612731934,u0waaxom
3181,1.1915946006774902,u0waaxom
3185,1.207423210144043,u0waaxom
3189,1.1545337438583374,u0waaxom
3199,1.1783815622329712,u0waaxom
3201,1.1880333423614502,u0waaxom
3203,1.2166342735290527,u0waaxom
3221,1.1655844449996948,u0waaxom
3226,1.1585369110107422,u0waaxom
3231,1.1801706552505493,u0waaxom
3235,1.1964619159698486,u0waaxom
3241,1.1448979377746582,u0waaxom
3255,1.1610069274902344,u0waaxom
3256,1.1783620119094849,u0waaxom
3272,1.1669418811798096,u0waaxom
3281,1.1889963150024414,u0waaxom
3290,1.1367982625961304,u0waaxom
3294,1.130966067314148,u0waaxom
3298,1.2043286561965942,u0waaxom
3299,1.1996160745620728,u0waaxom
3318,1.2238974571228027,u0waaxom
3321,1.136869192123413,u0waaxom
3326,1.1761246919631958,u0waaxom
3329,1.1817984580993652,u0waaxom
3333,1.1612581014633179,u0waaxom
3336,1.1628587245941162,u0waaxom
3338,1.213575005531311,u0waaxom
3341,1.1699656248092651,u0waaxom
3350,1.1448465585708618,u0waaxom
3353,1.1327463388442993,u0waaxom
3373,1.164952039718628,u0waaxom
3374,1.170867919921875,u0waaxom
3392,1.2096178531646729,u0waaxom
3399,1.1631989479064941,u0waaxom
3408,1.1453765630722046,u0waaxom
3425,1.198733925819397,u0waaxom
3426,1.1974537372589111,u0waaxom
3440,1.225016474723816,u0waaxom
3442,1.1926923990249634,u0waaxom
3445,1.155720829963684,u0waaxom
3448,1.1347711086273193,u0waaxom
3485,1.1944767236709595,u0waaxom
3506,1.1909193992614746,u0waaxom
3512,1.2243367433547974,u0waaxom
3516,1.2319509983062744,u0waaxom
3541,1.1722508668899536,u0waaxom
3547,1.2788587808609009,u0waaxom
3559,1.2450743913650513,u0waaxom
3562,1.1853245496749878,u0waaxom
3563,1.1461900472640991,u0waaxom
3566,1.1452287435531616,u0waaxom
3574,1.195210337638855,u0waaxom
3576,1.1568597555160522,u0waaxom
3610,1.175040364265442,u0waaxom
3611,1.1909668445587158,u0waaxom
3628,1.2180938720703125,u0waaxom
3638,1.2199032306671143,u0waaxom
3657,1.1923065185546875,u0waaxom
3658,1.1823102235794067,u0waaxom
3669,1.1730937957763672,u0waaxom
3675,1.1594507694244385,u0waaxom
3690,1.2083935737609863,u0waaxom
3699,1.1700977087020874,u0waaxom
3703,1.1702215671539307,u0waaxom
3705,1.194746971130371,u0waaxom
3706,1.2328569889068604,u0waaxom
3709,1.224769949913025,u0waaxom
3733,1.1116288900375366,u0waaxom
3747,1.21090829372406,u0waaxom
3761,1.1945672035217285,u0waaxom
3788,1.1822559833526611,u0waaxom
3790,1.1430106163024902,u0waaxom
3802,1.215529203414917,u0waaxom
3803,1.1492172479629517,u0waaxom
3814,1.1768230199813843,u0waaxom
3816,1.1899107694625854,u0waaxom
3830,1.1751173734664917,u0waaxom
3834,1.1186012029647827,u0waaxom
3849,1.198645830154419,u0waaxom
3869,1.2222588062286377,u0waaxom
3872,1.1973828077316284,u0waaxom
3880,1.1358158588409424,u0waaxom
3890,1.2380435466766357,u0waaxom
3897,1.20805823802948,u0waaxom
3902,1.1442556381225586,u0waaxom
3904,1.1757746934890747,u0waaxom
3907,1.1889897584915161,u0waaxom
3913,1.1862521171569824,u0waaxom
3915,1.184332013130188,u0waaxom
3926,1.1600054502487183,u0waaxom
3937,1.2031269073486328,u0waaxom
3941,1.3088716268539429,u0waaxom
3951,1.1732875108718872,u0waaxom
3955,1.1261316537857056,u0waaxom
3964,1.1806575059890747,u0waaxom
3965,1.2253142595291138,u0waaxom
3971,1.2221059799194336,u0waaxom
3980,1.2016229629516602,u0waaxom
4001,1.1645174026489258,u0waaxom
4017,1.1728453636169434,u0waaxom
4023,1.2088804244995117,u0waaxom
4040,1.1743791103363037,u0waaxom
4065,1.2062244415283203,u0waaxom
4081,1.194254994392395,u0waaxom
4088,1.2286181449890137,u0waaxom
4099,1.2045261859893799,u0waaxom
4100,1.2265809774398804,u0waaxom
4102,1.1592459678649902,u0waaxom
4122,1.1856164932250977,u0waaxom
4128,1.1485742330551147,u0waaxom
4147,1.1883240938186646,u0waaxom
4164,1.162935733795166,u0waaxom
4166,1.2187918424606323,u0waaxom
4168,1.154395341873169,u0waaxom
4169,1.1465808153152466,u0waaxom
4171,1.1522525548934937,u0waaxom
4176,1.1179540157318115,u0waaxom
4182,1.185044765472412,u0waaxom
4222,1.1313563585281372,u0waaxom
4228,1.1957451105117798,u0waaxom
4230,1.1712164878845215,u0waaxom
4237,1.1991983652114868,u0waaxom
4243,1.1452211141586304,u0waaxom
4248,1.1759085655212402,u0waaxom
4252,1.182446002960205,u0waaxom
4253,1.1763678789138794,u0waaxom
4256,1.1954487562179565,u0waaxom
4311,1.2421077489852905,u0waaxom
4314,1.1891229152679443,u0waaxom
4334,1.1590687036514282,u0waaxom
4336,1.1285021305084229,u0waaxom
4344,1.2828173637390137,u0waaxom
4356,1.1651158332824707,u0waaxom
4365,1.1454377174377441,u0waaxom
4377,1.1319291591644287,u0waaxom
4384,1.2084606885910034,u0waaxom
4388,1.219854474067688,u0waaxom
4390,1.1748172044754028,u0waaxom
4391,1.2160425186157227,u0waaxom
4395,1.1903133392333984,u0waaxom
4397,1.22794771194458,u0waaxom
4404,1.1877888441085815,u0waaxom
4422,1.1450225114822388,u0waaxom
4443,1.2043495178222656,u0waaxom
4450,1.2403573989868164,u0waaxom
4473,1.1846050024032593,u0waaxom
4490,1.1902021169662476,u0waaxom
4491,1.2080633640289307,u0waaxom
4501,1.1584722995758057,u0waaxom
4510,1.1824779510498047,u0waaxom
4514,1.3007450103759766,u0waaxom
4520,1.2255980968475342,u0waaxom
4531,1.1646381616592407,u0waaxom
4538,1.1982897520065308,u0waaxom
4545,1.2392994165420532,u0waaxom
4548,1.1113169193267822,u0waaxom
4550,1.1313261985778809,u0waaxom
4554,1.2006536722183228,u0waaxom
4566,1.1762994527816772,u0waaxom
4568,1.1576769351959229,u0waaxom
4575,1.1467065811157227,u0waaxom
4577,1.184705376625061,u0waaxom
4591,1.1952130794525146,u0waaxom
4597,1.1611829996109009,u0waaxom
4602,1.2067888975143433,u0waaxom
4604,1.2264430522918701,u0waaxom
4608,1.164656162261963,u0waaxom
4609,1.1111152172088623,u0waaxom
4616,1.1669838428497314,u0waaxom
4624,1.1890841722488403,u0waaxom
4637,1.163049340248108,u0waaxom
4649,1.146883487701416,u0waaxom
4671,1.2004399299621582,u0waaxom
4673,1.250359296798706,u0waaxom
4676,1.2287580966949463,u0waaxom
4683,1.1642110347747803,u0waaxom
4709,1.1343826055526733,u0waaxom
4712,1.172519564628601,u0waaxom
4723,1.1315853595733643,u0waaxom
4733,1.2336267232894897,u0waaxom
4736,1.1471121311187744,u0waaxom
4742,1.2021414041519165,u0waaxom
4750,1.1731758117675781,u0waaxom
4752,1.2094318866729736,u0waaxom
4760,1.2307686805725098,u0waaxom
4765,1.1837594509124756,u0waaxom
4771,1.1868170499801636,u0waaxom
4777,1.152266263961792,u0waaxom
4807,1.1583850383758545,u0waaxom
4812,1.228980302810669,u0waaxom
4822,1.1973915100097656,u0waaxom
4826,1.173376441001892,u0waaxom
4827,1.1849002838134766,u0waaxom
4836,1.2174779176712036,u0waaxom
4843,1.1507219076156616,u0waaxom
4844,1.1577008962631226,u0waaxom
4849,1.2476346492767334,u0waaxom
4852,1.2018330097198486,u0waaxom
4854,1.1854408979415894,u0waaxom
4866,1.1978487968444824,u0waaxom
4867,1.1454557180404663,u0waaxom
4872,1.175574779510498,u0waaxom
4876,1.1493513584136963,u0waaxom
4883,1.1613563299179077,u0waaxom
4886,1.0920792818069458,u0waaxom
4901,1.1538342237472534,u0waaxom
4908,1.173113465309143,u0waaxom
4910,1.1802990436553955,u0waaxom
4927,1.1333882808685303,u0waaxom
4928,1.0947344303131104,u0waaxom
4946,1.194757103919983,u0waaxom
4947,1.1419801712036133,u0waaxom
4955,1.1705610752105713,u0waaxom
4963,1.1429898738861084,u0waaxom
4975,1.2022788524627686,u0waaxom
4996,1.14034104347229,u0waaxom
4997,1.1879037618637085,u0waaxom
5011,1.1180602312088013,u0waaxom
5012,1.1695047616958618,u0waaxom
5016,1.1834865808486938,u0waaxom
5037,1.145063042640686,u0waaxom
5043,1.1253972053527832,u0waaxom
5046,1.0919864177703857,u0waaxom
5048,1.146132469177246,u0waaxom
5063,1.1713707447052002,u0waaxom
5088,1.2036775350570679,u0waaxom
5098,1.1163151264190674,u0waaxom
5122,1.1730833053588867,u0waaxom
5127,1.1971662044525146,u0waaxom
5134,1.2039037942886353,u0waaxom
5140,1.2399719953536987,u0waaxom
5148,1.134096384048462,u0waaxom
5154,1.1134262084960938,u0waaxom
5155,1.161988377571106,u0waaxom
5169,1.1316381692886353,u0waaxom
5174,1.1809227466583252,u0waaxom
5193,1.176303744316101,u0waaxom
5207,1.1750911474227905,u0waaxom
5211,1.1214901208877563,u0waaxom
5220,1.169608235359192,u0waaxom
5230,1.206555962562561,u0waaxom
5235,1.2104148864746094,u0waaxom
5237,1.1400346755981445,u0waaxom
5246,1.148469090461731,u0waaxom
5250,1.165770173072815,u0waaxom
5258,1.121250867843628,u0waaxom
5266,1.160262107849121,u0waaxom
5271,1.1237999200820923,u0waaxom
5279,1.1728171110153198,u0waaxom
5283,1.1108617782592773,u0waaxom
5292,1.1456449031829834,u0waaxom
5308,1.118181824684143,u0waaxom
5324,1.1810352802276611,u0waaxom
5334,1.2009228467941284,u0waaxom
5335,1.1685729026794434,u0waaxom
5336,1.1865257024765015,u0waaxom
5357,1.2231507301330566,u0waaxom
5360,1.1625691652297974,u0waaxom
5365,1.1737219095230103,u0waaxom
5388,1.110816240310669,u0waaxom
5403,1.1461783647537231,u0waaxom
5407,1.1645257472991943,u0waaxom
5408,1.1098382472991943,u0waaxom
5409,1.1388927698135376,u0waaxom
5429,1.1475622653961182,u0waaxom
5448,1.1681418418884277,u0waaxom
5451,1.1804612874984741,u0waaxom
5455,1.1016703844070435,u0waaxom
5461,1.1360712051391602,u0waaxom
5466,1.1285250186920166,u0waaxom
5475,1.16549551486969,u0waaxom
5489,1.1772997379302979,u0waaxom
5520,1.1400575637817383,u0waaxom
5529,1.1988056898117065,u0waaxom
5530,1.131304144859314,u0waaxom
5531,1.168540358543396,u0waaxom
5542,1.157387137413025,u0waaxom
5547,1.2014113664627075,u0waaxom
5555,1.1680145263671875,u0waaxom
5556,1.163063883781433,u0waaxom
5560,1.078995943069458,u0waaxom
5569,1.137325644493103,u0waaxom
5571,1.1569417715072632,u0waaxom
5575,1.1935518980026245,u0waaxom
5580,1.1356559991836548,u0waaxom
5589,1.1693575382232666,u0waaxom
5606,1.1559674739837646,u0waaxom
5609,1.1391791105270386,u0waaxom
5611,1.145983338356018,u0waaxom
5613,1.1094938516616821,u0waaxom
5617,1.2354062795639038,u0waaxom
5626,1.2308827638626099,u0waaxom
5645,1.13699209690094,u0waaxom
5655,1.133771300315857,u0waaxom
5660,1.2077174186706543,u0waaxom
5663,1.1660994291305542,u0waaxom
5670,1.2169785499572754,u0waaxom
5686,1.1850110292434692,u0waaxom
5688,1.1521974802017212,u0waaxom
5704,1.2379692792892456,u0waaxom
5705,1.1913872957229614,u0waaxom
5710,1.192909598350525,u0waaxom
5711,1.1589006185531616,u0waaxom
5720,1.1946712732315063,u0waaxom
5732,1.1561698913574219,u0waaxom
5744,1.1861178874969482,u0waaxom
5745,1.1818506717681885,u0waaxom
5749,1.2175092697143555,u0waaxom
5756,1.1760549545288086,u0waaxom
5759,1.1875039339065552,u0waaxom
5766,1.1705334186553955,u0waaxom
5790,1.1793406009674072,u0waaxom
5800,1.1471987962722778,u0waaxom
5805,1.1222646236419678,u0waaxom
5806,1.1440740823745728,u0waaxom
5814,1.1877273321151733,u0waaxom
5823,1.1568078994750977,u0waaxom
5825,1.120206594467163,u0waaxom
5828,1.2037971019744873,u0waaxom
5829,1.1598707437515259,u0waaxom
5843,1.1471954584121704,u0waaxom
5864,1.1401209831237793,u0waaxom
5866,1.1994520425796509,u0waaxom
5867,1.147637963294983,u0waaxom
5878,1.1716160774230957,u0waaxom
5879,1.1400113105773926,u0waaxom
5909,1.1518135070800781,u0waaxom
5926,1.141730546951294,u0waaxom
5935,1.1670587062835693,u0waaxom
5937,1.1951969861984253,u0waaxom
5943,1.1469879150390625,u0waaxom
5944,1.2055021524429321,u0waaxom
5954,1.1847052574157715,u0waaxom
5960,1.1912145614624023,u0waaxom
5963,1.1563249826431274,u0waaxom
5973,1.0930638313293457,u0waaxom
5979,1.1732157468795776,u0waaxom
5985,1.1098453998565674,u0waaxom
5995,1.0953556299209595,u0waaxom
6006,1.1602530479431152,u0waaxom
6007,1.1189018487930298,u0waaxom
6012,1.1073638200759888,u0waaxom
6026,1.2135790586471558,u0waaxom
6031,1.1786655187606812,u0waaxom
6033,1.1125366687774658,u0waaxom
6052,1.2411701679229736,u0waaxom
6067,1.1572391986846924,u0waaxom
6074,1.1563657522201538,u0waaxom
6079,1.132078766822815,u0waaxom
6086,1.1084153652191162,u0waaxom
6092,1.2237433195114136,u0waaxom
6098,1.2045512199401855,u0waaxom
6101,1.2088948488235474,u0waaxom
6109,1.1647205352783203,u0waaxom
6116,1.1905937194824219,u0waaxom
6125,1.1935486793518066,u0waaxom
6130,1.133271336555481,u0waaxom
6131,1.1676251888275146,u0waaxom
6141,1.1766769886016846,u0waaxom
6156,1.174038052558899,u0waaxom
6169,1.0915708541870117,u0waaxom
6171,1.1685051918029785,u0waaxom
6175,1.097090244293213,u0waaxom
6177,1.1701747179031372,u0waaxom
6185,1.1352508068084717,u0waaxom
6193,1.187811255455017,u0waaxom
6194,1.182347059249878,u0waaxom
6202,1.1455357074737549,u0waaxom
6205,1.1900073289871216,u0waaxom
6208,1.1295113563537598,u0waaxom
6213,1.1920212507247925,u0waaxom
6221,1.1531122922897339,u0waaxom
6237,1.1709098815917969,u0waaxom
6258,1.2189947366714478,u0waaxom
6261,1.1461026668548584,u0waaxom
6271,1.1165080070495605,u0waaxom
6277,1.0929611921310425,u0waaxom
6283,1.2055350542068481,u0waaxom
6294,1.1599124670028687,u0waaxom
6296,1.0936776399612427,u0waaxom
6356,1.161942720413208,u0waaxom
6368,1.171854019165039,u0waaxom
6382,1.1701922416687012,u0waaxom
6392,1.2692314386367798,u0waaxom
6396,1.1434571743011475,u0waaxom
6399,1.199629306793213,u0waaxom
6405,1.1650340557098389,u0waaxom
6437,1.1462866067886353,u0waaxom
6450,1.1555191278457642,u0waaxom
6452,1.1568340063095093,u0waaxom
6455,1.162238359451294,u0waaxom
6458,1.1732290983200073,u0waaxom
6468,1.0960785150527954,u0waaxom
6484,1.1591277122497559,u0waaxom
6512,1.1838572025299072,u0waaxom
6514,1.1489030122756958,u0waaxom
6516,1.1476922035217285,u0waaxom
6525,1.1666533946990967,u0waaxom
6535,1.142667293548584,u0waaxom
6537,1.1173471212387085,u0waaxom
6554,1.2236970663070679,u0waaxom
6558,1.1555005311965942,u0waaxom
6567,1.151144027709961,u0waaxom
6571,1.1352349519729614,u0waaxom
6577,1.1320781707763672,u0waaxom
6578,1.1230343580245972,u0waaxom
6583,1.1430492401123047,u0waaxom
6592,1.156249761581421,u0waaxom
6618,1.1760616302490234,u0waaxom
6630,1.1346086263656616,u0waaxom
6633,1.1369160413742065,u0waaxom
6638,1.1537145376205444,u0waaxom
6644,1.192170262336731,u0waaxom
6659,1.1341819763183594,u0waaxom
6661,1.1590263843536377,u0waaxom
6662,1.154086947441101,u0waaxom
6668,1.1723021268844604,u0waaxom
6671,1.2210673093795776,u0waaxom
6679,1.1036641597747803,u0waaxom
6684,1.1828243732452393,u0waaxom
6701,1.2177363634109497,u0waaxom
6712,1.1506887674331665,u0waaxom
6717,1.1494407653808594,u0waaxom
6737,1.1452897787094116,u0waaxom
6740,1.2070486545562744,u0waaxom
6742,1.0661052465438843,u0waaxom
6743,1.0716547966003418,u0waaxom
6744,1.1063989400863647,u0waaxom
6745,1.1719549894332886,u0waaxom
6746,1.155678153038025,u0waaxom
6748,1.1676267385482788,u0waaxom
6773,1.1299471855163574,u0waaxom
6781,1.1979141235351562,u0waaxom
6786,1.1324026584625244,u0waaxom
6807,1.082104206085205,u0waaxom
6812,1.1980652809143066,u0waaxom
6814,1.169392704963684,u0waaxom
6815,1.1251407861709595,u0waaxom
6816,1.1938998699188232,u0waaxom
6819,1.1690961122512817,u0waaxom
6823,1.1775636672973633,u0waaxom
6839,1.1813324689865112,u0waaxom
6846,1.1143534183502197,u0waaxom
6863,1.1203383207321167,u0waaxom
6877,1.1273462772369385,u0waaxom
6878,1.149641990661621,u0waaxom
6884,1.1642194986343384,u0waaxom
6905,1.1988623142242432,u0waaxom
6910,1.1446096897125244,u0waaxom
6922,1.1433569192886353,u0waaxom
6951,1.1370350122451782,u0waaxom
6957,1.1209064722061157,u0waaxom
6960,1.1293933391571045,u0waaxom
6976,1.18230140209198,u0waaxom
6992,1.1266558170318604,u0waaxom
6994,1.1960735321044922,u0waaxom
7005,1.0987433195114136,u0waaxom
7007,1.168940782546997,u0waaxom
7022,1.1431770324707031,u0waaxom
7027,1.1724152565002441,u0waaxom
7030,1.135215163230896,u0waaxom
7031,1.1893573999404907,u0waaxom
7032,1.1453468799591064,u0waaxom
7035,1.1687259674072266,u0waaxom
7042,1.165077567100525,u0waaxom
7071,1.1447176933288574,u0waaxom
7097,1.0806039571762085,u0waaxom
7110,1.1687873601913452,u0waaxom
7112,1.1138917207717896,u0waaxom
7121,1.1295360326766968,u0waaxom
7124,1.1513020992279053,u0waaxom
7141,1.1633293628692627,u0waaxom
7146,1.1710234880447388,u0waaxom
7165,1.1822025775909424,u0waaxom
7166,1.2000194787979126,u0waaxom
7171,1.1621567010879517,u0waaxom
7182,1.1576495170593262,u0waaxom
7190,1.1211872100830078,u0waaxom
7194,1.144827127456665,u0waaxom
7203,1.1828227043151855,u0waaxom
7210,1.116213083267212,u0waaxom
7223,1.1588432788848877,u0waaxom
7226,1.1523361206054688,u0waaxom
7227,1.0752836465835571,u0waaxom
7235,1.0942540168762207,u0waaxom
7238,1.1391974687576294,u0waaxom
7252,1.1482563018798828,u0waaxom
7260,1.1135196685791016,u0waaxom
7261,1.2143402099609375,u0waaxom
7271,1.142260193824768,u0waaxom
7291,1.1103951930999756,u0waaxom
7294,1.2226219177246094,u0waaxom
7301,1.1356067657470703,u0waaxom
7305,1.138196587562561,u0waaxom
7307,1.1018728017807007,u0waaxom
7312,1.1364436149597168,u0waaxom
7320,1.182481050491333,u0waaxom
7354,1.0849695205688477,u0waaxom
7369,1.1417618989944458,u0waaxom
7371,1.161110281944275,u0waaxom
7375,1.1688625812530518,u0waaxom
7390,1.1177160739898682,u0waaxom
7396,1.1498063802719116,u0waaxom
7402,1.1748911142349243,u0waaxom
7410,1.130752444267273,u0waaxom
7429,1.1507928371429443,u0waaxom
7431,1.1279304027557373,u0waaxom
7441,1.1080435514450073,u0waaxom
7446,1.1548961400985718,u0waaxom
7451,1.1105512380599976,u0waaxom
7463,1.1281095743179321,u0waaxom
7473,1.1975044012069702,u0waaxom
7474,1.182352066040039,u0waaxom
7475,1.1246103048324585,u0waaxom
7478,1.154863953590393,u0waaxom
7479,1.153400182723999,u0waaxom
7485,1.148360013961792,u0waaxom
7497,1.1371582746505737,u0waaxom
7499,1.1871109008789062,u0waaxom
7504,1.1576900482177734,u0waaxom
7526,1.1777129173278809,u0waaxom
7527,1.1413863897323608,u0waaxom
7531,1.1203440427780151,u0waaxom
7532,1.1484328508377075,u0waaxom
7535,1.1672426462173462,u0waaxom
7544,1.1315808296203613,u0waaxom
7548,1.1442997455596924,u0waaxom
7558,1.1250150203704834,u0waaxom
7565,1.1365505456924438,u0waaxom
7568,1.1551003456115723,u0waaxom
7572,1.1312533617019653,u0waaxom
7581,1.1791266202926636,u0waaxom
7589,1.1657655239105225,u0waaxom
7595,1.1311931610107422,u0waaxom
7597,1.1924519538879395,u0waaxom
7598,1.176443099975586,u0waaxom
7601,1.1102238893508911,u0waaxom
7602,1.1962738037109375,u0waaxom
7605,1.1259453296661377,u0waaxom
7611,1.1558336019515991,u0waaxom
7627,1.1788690090179443,u0waaxom
7628,1.1487759351730347,u0waaxom
7630,1.0809937715530396,u0waaxom
7636,1.0809499025344849,u0waaxom
7648,1.1220083236694336,u0waaxom
7652,1.1346852779388428,u0waaxom
7657,1.1465837955474854,u0waaxom
7664,1.1686244010925293,u0waaxom
7669,1.1486393213272095,u0waaxom
7673,1.1074572801589966,u0waaxom
7676,1.1365076303482056,u0waaxom
7678,1.0688819885253906,u0waaxom
7685,1.113832950592041,u0waaxom
7705,1.1482596397399902,u0waaxom
7713,1.160538673400879,u0waaxom
7728,1.1781842708587646,u0waaxom
7731,1.223384141921997,u0waaxom
7737,1.1894454956054688,u0waaxom
7746,1.12978196144104,u0waaxom
7753,1.1166691780090332,u0waaxom
7754,1.1998183727264404,u0waaxom
7763,1.0929951667785645,u0waaxom
7778,1.1056489944458008,u0waaxom
7795,1.1488471031188965,u0waaxom
7821,1.1561883687973022,u0waaxom
7831,1.1480638980865479,u0waaxom
7833,1.1572246551513672,u0waaxom
7837,1.1190451383590698,u0waaxom
7841,1.176850438117981,u0waaxom
7842,1.1355832815170288,u0waaxom
7864,1.0820425748825073,u0waaxom
7867,1.2105244398117065,u0waaxom
7882,1.1756391525268555,u0waaxom
7892,1.1247636079788208,u0waaxom
7899,1.1376224756240845,u0waaxom
7900,1.162591576576233,u0waaxom
7922,1.1437091827392578,u0waaxom
7924,1.175035834312439,u0waaxom
7932,1.1132597923278809,u0waaxom
7935,1.1046266555786133,u0waaxom
7936,1.1694833040237427,u0waaxom
7937,1.1503082513809204,u0waaxom
7943,1.1675695180892944,u0waaxom
7944,1.1361595392227173,u0waaxom
7953,1.120565414428711,u0waaxom
7956,1.1363062858581543,u0waaxom
7978,1.1792950630187988,u0waaxom
7995,1.1198749542236328,u0waaxom
7996,1.1210010051727295,u0waaxom
8004,1.1592272520065308,u0waaxom
8008,1.1894291639328003,u0waaxom
8015,1.1026456356048584,u0waaxom
8018,1.1742523908615112,u0waaxom
8036,1.1511051654815674,u0waaxom
8043,1.1624586582183838,u0waaxom
8055,1.1288951635360718,u0waaxom
8057,1.094132900238037,u0waaxom
8091,1.1436519622802734,u0waaxom
8120,1.160986304283142,u0waaxom
8133,1.1757069826126099,u0waaxom
8149,1.1615443229675293,u0waaxom
8169,1.1135996580123901,u0waaxom
8170,1.070945382118225,u0waaxom
8179,1.1619446277618408,u0waaxom
8182,1.1262263059616089,u0waaxom
8193,1.100940227508545,u0waaxom
8196,1.1306653022766113,u0waaxom
8202,1.0631074905395508,u0waaxom
8206,1.1017463207244873,u0waaxom
8214,1.1714906692504883,u0waaxom
8222,1.087810754776001,u0waaxom
8235,1.0736372470855713,u0waaxom
8240,1.178807258605957,u0waaxom
8248,1.1442601680755615,u0waaxom
8257,1.1849445104599,u0waaxom
8268,1.1283209323883057,u0waaxom
8270,1.1271709203720093,u0waaxom
8279,1.13930082321167,u0waaxom
8290,1.1861482858657837,u0waaxom
8306,1.122847080230713,u0waaxom
8325,1.075520396232605,u0waaxom
8344,1.1691961288452148,u0waaxom
8355,1.133406639099121,u0waaxom
8364,1.1320304870605469,u0waaxom
8370,1.1074250936508179,u0waaxom
8374,1.213046669960022,u0waaxom
8378,1.156699776649475,u0waaxom
8380,1.2039735317230225,u0waaxom
8381,1.152258038520813,u0waaxom
8389,1.1398690938949585,u0waaxom
8408,1.1572479009628296,u0waaxom
8410,1.1101492643356323,u0waaxom
8417,1.1699090003967285,u0waaxom
8418,1.1516656875610352,u0waaxom
8425,1.1612120866775513,u0waaxom
8436,1.1183836460113525,u0waaxom
8442,1.1283398866653442,u0waaxom
8445,1.0981374979019165,u0waaxom
8446,1.1420265436172485,u0waaxom
8448,1.1365610361099243,u0waaxom
8466,1.180212378501892,u0waaxom
8476,1.091954231262207,u0waaxom
8485,1.1819099187850952,u0waaxom
8486,1.1112924814224243,u0waaxom
8493,1.1409289836883545,u0waaxom
8497,1.1167497634887695,u0waaxom
8501,1.1449450254440308,u0waaxom
8508,1.09346604347229,u0waaxom
8512,1.07871413230896,u0waaxom
8514,1.151972770690918,u0waaxom
8517,1.1158560514450073,u0waaxom
8521,1.1136610507965088,u0waaxom
8528,1.1883338689804077,u0waaxom
8536,1.1403454542160034,u0waaxom
8548,1.1037037372589111,u0waaxom
8551,1.1254463195800781,u0waaxom
8552,1.1194543838500977,u0waaxom
8555,1.139294147491455,u0waaxom
8556,1.139247179031372,u0waaxom
8561,1.1179285049438477,u0waaxom
8567,1.120793104171753,u0waaxom
8574,1.1366420984268188,u0waaxom
8577,1.0832825899124146,u0waaxom
8579,1.1791614294052124,u0waaxom
8598,1.087396264076233,u0waaxom
8622,1.1571754217147827,u0waaxom
8639,1.1347880363464355,u0waaxom
8640,1.1307520866394043,u0waaxom
8657,1.2073403596878052,u0waaxom
8665,1.148835301399231,u0waaxom
8666,1.1262073516845703,u0waaxom
8670,1.1361191272735596,u0waaxom
8674,1.1637169122695923,u0waaxom
8685,1.2061331272125244,u0waaxom
8688,1.1121712923049927,u0waaxom
8695,1.129170298576355,u0waaxom
8696,1.1434388160705566,u0waaxom
8701,1.1184347867965698,u0waaxom
8708,1.1909435987472534,u0waaxom
8710,1.1240193843841553,u0waaxom
8717,1.1222810745239258,u0waaxom
8720,1.0981512069702148,u0waaxom
8725,1.2104312181472778,u0waaxom
8727,1.196732521057129,u0waaxom
8750,1.213813304901123,u0waaxom
8752,1.12432062625885,u0waaxom
8757,1.1726995706558228,u0waaxom
8763,1.1369431018829346,u0waaxom
8764,1.1379262208938599,u0waaxom
8768,1.1633152961730957,u0waaxom
8773,1.1759922504425049,u0waaxom
8782,1.1097773313522339,u0waaxom
8789,1.1037851572036743,u0waaxom
8792,1.1620571613311768,u0waaxom
8794,1.2009882926940918,u0waaxom
8796,1.1645232439041138,u0waaxom
8799,1.0689942836761475,u0waaxom
8802,1.1791375875473022,u0waaxom
8805,1.1826192140579224,u0waaxom
8806,1.160867691040039,u0waaxom
8826,1.1279221773147583,u0waaxom
8831,1.0972559452056885,u0waaxom
8849,1.0972877740859985,u0waaxom
8851,1.107170820236206,u0waaxom
8853,1.137131929397583,u0waaxom
8855,1.1622016429901123,u0waaxom
8870,1.1017788648605347,u0waaxom
8881,1.117720365524292,u0waaxom
8886,1.0943135023117065,u0waaxom
8889,1.1292203664779663,u0waaxom
8893,1.1628057956695557,u0waaxom
8900,1.1465624570846558,u0waaxom
8905,1.1256999969482422,u0waaxom
8918,1.148719310760498,u0waaxom
8926,1.1202008724212646,u0waaxom
8935,1.1181741952896118,u0waaxom
8936,1.1569353342056274,u0waaxom
8941,1.1805201768875122,u0waaxom
8943,1.1264857053756714,u0waaxom
8945,1.116944432258606,u0waaxom
8950,1.158284306526184,u0waaxom
8958,1.1244834661483765,u0waaxom
8971,1.1421514749526978,u0waaxom
8977,1.1702492237091064,u0waaxom
8979,1.1256452798843384,u0waaxom
8981,1.1397087574005127,u0waaxom
8983,1.0738186836242676,u0waaxom
8993,1.1268073320388794,u0waaxom
8994,1.1176337003707886,u0waaxom
9002,1.124485969543457,u0waaxom
9021,1.1153334379196167,u0waaxom
9035,1.1274335384368896,u0waaxom
9042,1.1528260707855225,u0waaxom
9044,1.1496860980987549,u0waaxom
9045,1.1334190368652344,u0waaxom
9046,1.1117267608642578,u0waaxom
9051,1.1568913459777832,u0waaxom
9061,1.1461108922958374,u0waaxom
9066,1.1253387928009033,u0waaxom
9086,1.164644718170166,u0waaxom
9089,1.1226468086242676,u0waaxom
9090,1.1273797750473022,u0waaxom
9103,1.1629678010940552,u0waaxom
9104,1.1604723930358887,u0waaxom
9112,1.1696518659591675,u0waaxom
9120,1.118038296699524,u0waaxom
9123,1.1689081192016602,u0waaxom
9124,1.140695333480835,u0waaxom
9128,1.0983442068099976,u0waaxom
9137,1.1158510446548462,u0waaxom
9141,1.122349739074707,u0waaxom
9156,1.1380653381347656,u0waaxom
9161,1.1756889820098877,u0waaxom
9163,1.1691710948944092,u0waaxom
9165,1.1820746660232544,u0waaxom
9183,1.0442442893981934,u0waaxom
9186,1.1667468547821045,u0waaxom
9233,1.087772250175476,u0waaxom
9239,1.1180448532104492,u0waaxom
9242,1.1400161981582642,u0waaxom
9244,1.1279245615005493,u0waaxom
9251,1.1646209955215454,u0waaxom
9260,1.1793831586837769,u0waaxom
9263,1.131179690361023,u0waaxom
9274,1.124971628189087,u0waaxom
9282,1.130423903465271,u0waaxom
9306,1.1284083127975464,u0waaxom
9309,1.141150712966919,u0waaxom
9311,1.1729644536972046,u0waaxom
9316,1.1585464477539062,u0waaxom
9325,1.1211668252944946,u0waaxom
9330,1.1658858060836792,u0waaxom
9331,1.1395444869995117,u0waaxom
9334,1.1564068794250488,u0waaxom
9341,1.1271803379058838,u0waaxom
9361,1.1019306182861328,u0waaxom
9366,1.175130009651184,u0waaxom
9373,1.1045650243759155,u0waaxom
9382,1.1493088006973267,u0waaxom
9384,1.1693702936172485,u0waaxom
9387,1.0991034507751465,u0waaxom
9400,1.1391457319259644,u0waaxom
9402,1.0985398292541504,u0waaxom
9430,1.0904643535614014,u0waaxom
9440,1.1570701599121094,u0waaxom
9442,1.2322595119476318,u0waaxom
9444,1.1421741247177124,u0waaxom
9445,1.095739722251892,u0waaxom
9447,1.12355375289917,u0waaxom
9454,1.0747973918914795,u0waaxom
9465,1.122515082359314,u0waaxom
9481,1.1519269943237305,u0waaxom
9494,1.1478443145751953,u0waaxom
9502,1.1586403846740723,u0waaxom
9513,1.1478351354599,u0waaxom
9516,1.1636005640029907,u0waaxom
9531,1.1182407140731812,u0waaxom
9533,1.1344666481018066,u0waaxom
9543,1.1646711826324463,u0waaxom
9574,1.1674785614013672,u0waaxom
9581,1.1679192781448364,u0waaxom
9586,1.1454730033874512,u0waaxom
9602,1.166752815246582,u0waaxom
9616,1.124788522720337,u0waaxom
9617,1.151658296585083,u0waaxom
9619,1.2012979984283447,u0waaxom
9620,1.074539303779602,u0waaxom
9624,1.1620031595230103,u0waaxom
9636,1.115512728691101,u0waaxom
9656,1.166182518005371,u0waaxom
9665,1.166528344154358,u0waaxom
9666,1.154794454574585,u0waaxom
9674,1.0894153118133545,u0waaxom
9675,1.1294090747833252,u0waaxom
9678,1.1844245195388794,u0waaxom
9687,1.0738306045532227,u0waaxom
9703,1.0836832523345947,u0waaxom
9710,1.1270214319229126,u0waaxom
9712,1.139533281326294,u0waaxom
9714,1.128819465637207,u0waaxom
9715,1.123716950416565,u0waaxom
9730,1.1282228231430054,u0waaxom
9735,1.1054202318191528,u0waaxom
9738,1.1579047441482544,u0waaxom
9741,1.1470212936401367,u0waaxom
9758,1.1350157260894775,u0waaxom
9782,1.0557821989059448,u0waaxom
9787,1.1947691440582275,u0waaxom
9792,1.107179880142212,u0waaxom
9799,1.0841635465621948,u0waaxom
9812,1.0865657329559326,u0waaxom
9820,1.1200032234191895,u0waaxom
9822,1.1278232336044312,u0waaxom
9842,1.1189978122711182,u0waaxom
9843,1.1194958686828613,u0waaxom
9858,1.1348649263381958,u0waaxom
9864,1.0983881950378418,u0waaxom
9875,1.1259020566940308,u0waaxom
9878,1.1305696964263916,u0waaxom
9879,1.1376121044158936,u0waaxom
9880,1.1490569114685059,u0waaxom
9888,1.056686282157898,u0waaxom
9899,1.13042414188385,u0waaxom
9900,1.1377979516983032,u0waaxom
9917,1.1510778665542603,u0waaxom
9924,1.1339077949523926,u0waaxom
9942,1.1178867816925049,u0waaxom
9948,1.1005735397338867,u0waaxom
9957,1.1279428005218506,u0waaxom
9964,1.1415793895721436,u0waaxom
9966,1.091102957725525,u0waaxom
9976,1.071845293045044,u0waaxom
9987,1.0879238843917847,u0waaxom
10006,1.1657719612121582,u0waaxom
10017,1.110491156578064,u0waaxom
10019,1.1432321071624756,u0waaxom
10035,1.0817124843597412,u0waaxom
10043,1.1168574094772339,u0waaxom
10048,1.0727132558822632,u0waaxom
10050,1.1140941381454468,u0waaxom
10060,1.105146884918213,u0waaxom
10062,1.137585163116455,u0waaxom
10064,1.1099857091903687,u0waaxom
10066,1.1191389560699463,u0waaxom
10067,1.1203700304031372,u0waaxom
10070,1.0989856719970703,u0waaxom
10072,1.1188396215438843,u0waaxom
10079,1.1434227228164673,u0waaxom
10080,1.1577060222625732,u0waaxom
10114,1.097084403038025,u0waaxom
10123,1.153708815574646,u0waaxom
10124,1.139145016670227,u0waaxom
10132,1.1262881755828857,u0waaxom
10138,1.1814686059951782,u0waaxom
10151,1.162415862083435,u0waaxom
10160,1.1354560852050781,u0waaxom
10176,1.1604613065719604,u0waaxom
10187,1.1344046592712402,u0waaxom
10197,1.1210439205169678,u0waaxom
10203,1.0870356559753418,u0waaxom
10204,1.0984376668930054,u0waaxom
10223,1.1559932231903076,u0waaxom
10224,1.1254955530166626,u0waaxom
10225,1.1581186056137085,u0waaxom
10234,1.0609177350997925,u0waaxom
10241,1.161552906036377,u0waaxom
10254,1.109189748764038,u0waaxom
10257,1.0817352533340454,u0waaxom
10262,1.1815381050109863,u0waaxom
10265,1.122814416885376,u0waaxom
10266,1.0312765836715698,u0waaxom
10267,1.1411678791046143,u0waaxom
10269,1.1838563680648804,u0waaxom
10272,1.0490714311599731,u0waaxom
10279,1.111925721168518,u0waaxom
10282,1.0659066438674927,u0waaxom
10283,1.0994412899017334,u0waaxom
10288,1.1418468952178955,u0waaxom
10297,1.0866016149520874,u0waaxom
10304,1.1066402196884155,u0waaxom
10305,1.1462169885635376,u0waaxom
10309,1.1304677724838257,u0waaxom
10324,1.1357377767562866,u0waaxom
10339,1.1270289421081543,u0waaxom
10341,1.1119334697723389,u0waaxom
10346,1.1566728353500366,u0waaxom
10351,1.1817165613174438,u0waaxom
10360,1.116104245185852,u0waaxom
10363,1.1674593687057495,u0waaxom
10370,1.1901663541793823,u0waaxom
10373,1.1090736389160156,u0waaxom
10383,1.1157701015472412,u0waaxom
10396,1.1602829694747925,u0waaxom
10416,1.1737946271896362,u0waaxom
10439,1.1115131378173828,u0waaxom
10441,1.097491979598999,u0waaxom
10450,1.122357726097107,u0waaxom
10463,1.1256641149520874,u0waaxom
10467,1.0917596817016602,u0waaxom
10490,1.133069396018982,u0waaxom
10492,1.1084274053573608,u0waaxom
10516,1.1284533739089966,u0waaxom
10517,1.1348155736923218,u0waaxom
10527,1.09059476852417,u0waaxom
10547,1.1447117328643799,u0waaxom
10559,1.2051465511322021,u0waaxom
10575,1.1543058156967163,u0waaxom
10576,1.1748125553131104,u0waaxom
10632,1.1174275875091553,u0waaxom
10634,1.1160705089569092,u0waaxom
10639,1.046129822731018,u0waaxom
10643,1.1553003787994385,u0waaxom
10645,1.140806794166565,u0waaxom
10654,1.1355804204940796,u0waaxom
10663,1.0931967496871948,u0waaxom
10668,1.1416622400283813,u0waaxom
10669,1.1792423725128174,u0waaxom
10670,1.119538426399231,u0waaxom
10672,1.1443613767623901,u0waaxom
10682,1.0774471759796143,u0waaxom
10706,1.0376979112625122,u0waaxom
10711,1.1073414087295532,u0waaxom
10718,1.1452348232269287,u0waaxom
10736,1.0762003660202026,u0waaxom
10740,1.1859551668167114,u0waaxom
10742,1.109055757522583,u0waaxom
10745,1.1117740869522095,u0waaxom
10756,1.146427035331726,u0waaxom
10759,1.1323367357254028,u0waaxom
10767,1.1109352111816406,u0waaxom
10777,1.141718864440918,u0waaxom
10781,1.0604370832443237,u0waaxom
10783,1.1774975061416626,u0waaxom
10814,1.1427125930786133,u0waaxom
10818,1.1151748895645142,u0waaxom
10834,1.130089282989502,u0waaxom
10852,1.0974605083465576,u0waaxom
10857,1.1314501762390137,u0waaxom
10858,1.2060248851776123,u0waaxom
10869,1.1011922359466553,u0waaxom
10871,1.1359425783157349,u0waaxom
10886,1.1565412282943726,u0waaxom
10896,1.1408865451812744,u0waaxom
10907,1.0930852890014648,u0waaxom
10909,1.071040391921997,u0waaxom
10922,1.166432499885559,u0waaxom
10927,1.0486266613006592,u0waaxom
10942,1.1411020755767822,u0waaxom
10950,1.1468722820281982,u0waaxom
10955,1.092034101486206,u0waaxom
10965,1.1189147233963013,u0waaxom
10967,1.1107285022735596,u0waaxom
10970,1.1128637790679932,u0waaxom
10978,1.1701593399047852,u0waaxom
10984,1.1583526134490967,u0waaxom
10985,1.1295111179351807,u0waaxom
10986,1.1617730855941772,u0waaxom
10993,1.1397672891616821,u0waaxom
10997,1.122469425201416,u0waaxom
10999,1.1068511009216309,u0waaxom
11017,1.114842414855957,u0waaxom
11019,1.1716004610061646,u0waaxom
11025,1.0974698066711426,u0waaxom
11037,1.1290651559829712,u0waaxom
11048,1.0858057737350464,u0waaxom
11050,1.0756350755691528,u0waaxom
11058,1.1186703443527222,u0waaxom
11059,1.081417202949524,u0waaxom
11073,1.1120659112930298,u0waaxom
11077,1.1211190223693848,u0waaxom
11078,1.1978535652160645,u0waaxom
11086,1.1722320318222046,u0waaxom
11108,1.1332603693008423,u0waaxom
11110,1.178878903388977,u0waaxom
11116,1.1201560497283936,u0waaxom
11120,1.1293617486953735,u0waaxom
11123,1.1448338031768799,u0waaxom
11140,1.1464632749557495,u0waaxom
11141,1.093292474746704,u0waaxom
11147,1.129783034324646,u0waaxom
11156,1.0938211679458618,u0waaxom
11169,1.1232483386993408,u0waaxom
11170,1.112536907196045,u0waaxom
11181,1.1128547191619873,u0waaxom
11187,1.1332000494003296,u0waaxom
11190,1.0952975749969482,u0waaxom
11192,1.1171777248382568,u0waaxom
11206,1.09232497215271,u0waaxom
11213,1.0994040966033936,u0waaxom
11222,1.1823562383651733,u0waaxom
11236,1.17143714427948,u0waaxom
11239,1.0893794298171997,u0waaxom
11242,1.068048119544983,u0waaxom
11243,1.0640860795974731,u0waaxom
11245,1.0998913049697876,u0waaxom
11252,1.1034592390060425,u0waaxom
11260,1.128544569015503,u0waaxom
11263,1.0200742483139038,u0waaxom
11267,1.1432682275772095,u0waaxom
11278,1.1206071376800537,u0waaxom
11287,1.1281710863113403,u0waaxom
11291,1.1128098964691162,u0waaxom
11298,1.1437584161758423,u0waaxom
11299,1.0708853006362915,u0waaxom
11305,1.1020152568817139,u0waaxom
11307,1.1477490663528442,u0waaxom
11308,1.0589603185653687,u0waaxom
11310,1.1342580318450928,u0waaxom
11316,1.1594243049621582,u0waaxom
11321,1.1208932399749756,u0waaxom
11322,1.1084262132644653,u0waaxom
11325,1.0773909091949463,u0waaxom
11326,1.110342264175415,u0waaxom
11327,1.0751893520355225,u0waaxom
11340,1.1258158683776855,u0waaxom
11348,1.1264864206314087,u0waaxom
11352,1.129167914390564,u0waaxom
11353,1.0885392427444458,u0waaxom
11356,1.0662145614624023,u0waaxom
11369,1.1210966110229492,u0waaxom
11374,1.150052785873413,u0waaxom
11382,1.1127979755401611,u0waaxom
11396,1.1303480863571167,u0waaxom
11401,1.1472523212432861,u0waaxom
11402,1.0841453075408936,u0waaxom
11403,1.0885543823242188,u0waaxom
11405,1.0833204984664917,u0waaxom
11408,1.1537624597549438,u0waaxom
11424,1.135860800743103,u0waaxom
11428,1.1390104293823242,u0waaxom
11431,1.0897998809814453,u0waaxom
11433,1.0757616758346558,u0waaxom
11434,1.1178160905838013,u0waaxom
11461,1.1147745847702026,u0waaxom
11465,1.0897870063781738,u0waaxom
11466,1.1256449222564697,u0waaxom
11470,1.0918257236480713,u0waaxom
11472,1.0765222311019897,u0waaxom
11473,1.0900028944015503,u0waaxom
11476,1.0423133373260498,u0waaxom
11483,1.0909843444824219,u0waaxom
11490,1.1211597919464111,u0waaxom
11507,1.1468405723571777,u0waaxom
11513,1.2233195304870605,u0waaxom
11522,1.1844944953918457,u0waaxom
11524,1.0805728435516357,u0waaxom
11526,1.148762583732605,u0waaxom
11530,1.1053833961486816,u0waaxom
11545,1.1175734996795654,u0waaxom
11553,1.1203391551971436,u0waaxom
11567,1.1428794860839844,u0waaxom
11582,1.1458895206451416,u0waaxom
11586,1.1251845359802246,u0waaxom
11588,1.157094120979309,u0waaxom
11608,1.104560136795044,u0waaxom
11613,1.1348549127578735,u0waaxom
11620,1.1132301092147827,u0waaxom
11621,1.1210695505142212,u0waaxom
11630,1.1544137001037598,u0waaxom
11633,1.0955225229263306,u0waaxom
11635,1.084604024887085,u0waaxom
11636,1.0890425443649292,u0waaxom
11642,1.1380469799041748,u0waaxom
11655,1.102564811706543,u0waaxom
11656,1.1304937601089478,u0waaxom
11657,1.1499214172363281,u0waaxom
11665,1.1352477073669434,u0waaxom
11671,1.0957403182983398,u0waaxom
11677,1.0869876146316528,u0waaxom
11680,1.1696096658706665,u0waaxom
11685,1.1222450733184814,u0waaxom
11686,1.1063730716705322,u0waaxom
11689,1.1388163566589355,u0waaxom
11701,1.11208975315094,u0waaxom
11704,1.107051968574524,u0waaxom
11710,1.1113810539245605,u0waaxom
11711,1.0683106184005737,u0waaxom
11717,1.14202082157135,u0waaxom
11720,1.0886942148208618,u0waaxom
11732,1.115637183189392,u0waaxom
11744,1.0936782360076904,u0waaxom
11766,1.0738415718078613,u0waaxom
11774,1.1509425640106201,u0waaxom
11793,1.0715959072113037,u0waaxom
11799,1.1083439588546753,u0waaxom
11801,1.105119228363037,u0waaxom
11803,1.1163815259933472,u0waaxom
11805,1.1378979682922363,u0waaxom
11814,1.1064395904541016,u0waaxom
11816,1.1222913265228271,u0waaxom
11829,1.12161386013031,u0waaxom
11830,1.0955426692962646,u0waaxom
11834,1.1253900527954102,u0waaxom
11845,1.1090294122695923,u0waaxom
11852,1.049385905265808,u0waaxom
11859,1.1135865449905396,u0waaxom
11860,1.1938368082046509,u0waaxom
11864,1.1427288055419922,u0waaxom
11866,1.0993196964263916,u0waaxom
11875,1.151789903640747,u0waaxom
11878,1.0823439359664917,u0waaxom
11882,1.1450635194778442,u0waaxom
11887,1.1074796915054321,u0waaxom
11898,1.1218057870864868,u0waaxom
11912,1.017364263534546,u0waaxom
11919,1.1394734382629395,u0waaxom
